-- phpMyAdmin SQL Dump
-- version 5.1.0
-- https://www.phpmyadmin.net/
--
-- Máy chủ: 127.0.0.1
-- Thời gian đã tạo: Th5 31, 2021 lúc 04:15 AM
-- Phiên bản máy phục vụ: 10.4.18-MariaDB
-- Phiên bản PHP: 7.4.18

SET SQL_MODE = "NO_AUTO_VALUE_ON_ZERO";
START TRANSACTION;
SET time_zone = "+00:00";


/*!40101 SET @OLD_CHARACTER_SET_CLIENT=@@CHARACTER_SET_CLIENT */;
/*!40101 SET @OLD_CHARACTER_SET_RESULTS=@@CHARACTER_SET_RESULTS */;
/*!40101 SET @OLD_COLLATION_CONNECTION=@@COLLATION_CONNECTION */;
/*!40101 SET NAMES utf8mb4 */;

--
-- Cơ sở dữ liệu: `watermeasure`
--

-- --------------------------------------------------------

--
-- Cấu trúc bảng cho bảng `buildings`
--

CREATE TABLE `buildings` (
  `id` int(11) NOT NULL,
  `building_name` varchar(255) COLLATE utf8_unicode_ci NOT NULL,
  `manager_name` varchar(255) COLLATE utf8_unicode_ci NOT NULL,
  `manager_email` varchar(255) COLLATE utf8_unicode_ci NOT NULL,
  `create_date` datetime NOT NULL,
  `active` int(11) NOT NULL
) ENGINE=InnoDB DEFAULT CHARSET=utf8 COLLATE=utf8_unicode_ci;

--
-- Đang đổ dữ liệu cho bảng `buildings`
--

INSERT INTO `buildings` (`id`, `building_name`, `manager_name`, `manager_email`, `create_date`, `active`) VALUES
(1, '水鉄ｱｰﾊﾞﾝｺﾝﾌｫｰﾄ岩出管理組合', '鈴木　一郎1', 'manager1@YYY.ZZZZ', '2021-03-10 08:50:57', 0),
(2, '水鉄ｱｰﾊﾞﾝｺﾝﾌｫｰﾄ岩出管理組合', '鈴木　一郎2', 'manager2@YYY.ZZZZ', '2021-03-10 08:50:57', 0),
(3, '水鉄ｱｰﾊﾞﾝｺﾝﾌｫｰﾄ岩出管理組合', '鈴木　一郎3', 'manager3@YYY.ZZZZ', '2021-03-10 08:50:57', 0),
(4, '水鉄ｱｰﾊﾞﾝｺﾝﾌｫｰﾄ岩出管理組合', '鈴木　一郎4', 'manager4@YYY.ZZZZ', '2021-03-10 08:50:57', 0),
(5, '水鉄ｱｰﾊﾞﾝｺﾝﾌｫｰﾄ岩出管理組合', '鈴木　一郎5', 'manager5@YYY.ZZZZ', '2021-03-11 08:50:57', 0),
(6, '水鉄ｱｰﾊﾞﾝｺﾝﾌｫｰﾄ岩出管理組合', '鈴木　一郎6', 'manager6@YYY.ZZZZ', '2021-03-11 08:50:57', 0),
(7, '水鉄ｱｰﾊﾞﾝｺﾝﾌｫｰﾄ岩出管理組合', '鈴木　一郎7', 'manager7@YYY.ZZZZ', '2021-03-10 08:50:57', 0),
(8, '水鉄ｱｰﾊﾞﾝｺﾝﾌｫｰﾄ岩出管理組合', '鈴木　一郎8', 'manager8@YYY.ZZZZ', '2021-05-11 08:50:57', 0),
(9, '水鉄ｱｰﾊﾞﾝｺﾝﾌｫｰﾄ岩出管理組合', '鈴木　一郎9', 'manager9@YYY.ZZZZ', '2021-05-10 08:50:57', 0),
(10, '水鉄ｱｰﾊﾞﾝｺﾝﾌｫｰﾄ岩出管理組合', '鈴木　一郎10', 'manager10@YYY.ZZZZ', '2021-05-11 08:50:57', 0),
(11, '水鉄ｱｰﾊﾞﾝｺﾝﾌｫｰﾄ岩出管理組合', '鈴木　一郎11', 'manager11@YYY.ZZZZ', '2021-05-11 08:50:57', 0),
(12, '水鉄ｱｰﾊﾞﾝｺﾝﾌｫｰﾄ岩出管理組合', '鈴木　一郎12', 'manager12@YYY.ZZZZ', '2021-05-11 09:15:30', 0),
(13, '水鉄ｱｰﾊﾞﾝｺﾝﾌｫｰﾄ岩出管理組合', '鈴木　一郎13', 'manager13@YYY.ZZZZ', '2021-05-11 08:50:57', 0),
(14, '水鉄ｱｰﾊﾞﾝｺﾝﾌｫｰﾄ岩出管理組合', '鈴木　一郎14', 'manager14@YYY.ZZZZ', '2021-05-11 08:50:57', 0),
(150, '水鉄ｱｰﾊﾞﾝｺﾝﾌｫｰﾄ岩出管理組合', '鈴木　一郎15', 'manager15@YYY.ZZZZ', '2021-05-10 08:50:57', 0);

-- --------------------------------------------------------

--
-- Cấu trúc bảng cho bảng `room`
--

CREATE TABLE `room` (
  `id` int(11) NOT NULL,
  `building_id` int(11) NOT NULL,
  `customer_id` int(11) NOT NULL,
  `customer_name` varchar(255) COLLATE utf8_unicode_ci NOT NULL,
  `create_date` datetime NOT NULL,
  `active` int(11) NOT NULL
) ENGINE=InnoDB DEFAULT CHARSET=utf8 COLLATE=utf8_unicode_ci;

--
-- Đang đổ dữ liệu cho bảng `room`
--

INSERT INTO `room` (`id`, `building_id`, `customer_id`, `customer_name`, `create_date`, `active`) VALUES
(1, 1, 1, '山田　一郎1', '2021-03-20 09:20:02', 0),
(2, 1, 2, '山田　一郎2', '2021-03-20 09:20:02', 0),
(3, 1, 3, '山田　一郎3', '2021-04-20 09:20:02', 0),
(4, 2, 4, '山田　一郎4', '2021-03-10 09:20:02', 0),
(5, 2, 5, '山田　一郎5', '2021-04-20 09:20:02', 0),
(6, 3, 6, '山田　一郎6', '2021-04-05 09:20:02', 0),
(7, 3, 7, '山田　一郎7', '2021-04-02 09:20:02', 0),
(8, 4, 8, '山田　一郎8', '2021-04-20 09:20:02', 0),
(9, 5, 9, '山田　一郎9', '2021-04-20 09:20:02', 0),
(10, 5, 10, '山田　一郎10', '2021-04-20 09:20:02', 0),
(11, 5, 11, '山田　一郎11', '2021-04-20 09:20:02', 0),
(12, 5, 12, '山田　一郎12', '2021-04-20 09:20:02', 0),
(13, 6, 13, '山田　一郎13', '2021-04-20 09:20:02', 0),
(14, 6, 14, '山田　一郎14', '2021-04-20 09:20:02', 0),
(15, 7, 15, '山田　一郎15', '2021-04-20 09:20:02', 0),
(16, 7, 16, '山田　一郎16', '2021-04-20 09:20:02', 0),
(17, 8, 17, '山田　一郎17', '2021-04-20 09:20:02', 0);

-- --------------------------------------------------------

--
-- Cấu trúc bảng cho bảng `usage_details`
--

CREATE TABLE `usage_details` (
  `id` int(11) NOT NULL,
  `room_id` int(11) NOT NULL,
  `measure` int(20) NOT NULL,
  `measurement_date` datetime NOT NULL,
  `image` varchar(255) COLLATE utf8_unicode_ci NOT NULL,
  `user_id` int(11) NOT NULL
) ENGINE=InnoDB DEFAULT CHARSET=utf8 COLLATE=utf8_unicode_ci;

--
-- Đang đổ dữ liệu cho bảng `usage_details`
--

INSERT INTO `usage_details` (`id`, `room_id`, `measure`, `measurement_date`, `image`, `user_id`) VALUES
(1, 8, 123, '2021-05-27 08:54:35', '', 1),
(2, 1, 39, '2021-04-28 00:00:00', '../public/uploads/img/measure/1621226045measure.PNG', 9007),
(3, 3, 110, '2021-04-01 11:02:31', '../public/uploads/img/measure/1621497113pexels-juan-morello-1105218.jpg', 9007),
(6, 2, 12, '2021-04-28 00:00:00', '../public/uploads/img/measure/1621497113pexels-juan-morello-1105218.jpg', 9005),
(7, 4, 150, '2021-04-05 10:45:58', '../public/uploads/img/measure/1621497113pexels-juan-morello-1105218.jpg', 9007),
(8, 7, 150, '2021-04-06 03:46:22', '../public/uploads/img/measure/1621497113pexels-juan-morello-1105218.jpg', 9007),
(9, 8, 150, '2021-05-19 06:17:38', '../public/uploads/img/measure/1621497113pexels-juan-morello-1105218.jpg', 9007),
(24, 4, 123, '2021-05-13 13:51:30', '', 9007),
(25, 5, 36, '2021-04-25 09:35:41', '', 9007),
(26, 6, 200, '2021-04-27 08:52:12', '', 1000),
(27, 8, 123, '2021-04-27 08:52:42', '', 1000),
(62, 1, 9, '2021-05-28 00:00:00', '', 9007),
(79, 2, 0, '2021-05-28 00:00:00', '', 9005);

-- --------------------------------------------------------

--
-- Cấu trúc bảng cho bảng `users`
--

CREATE TABLE `users` (
  `id` int(11) NOT NULL,
  `name` varchar(255) COLLATE utf8_unicode_ci NOT NULL,
  `email` varchar(255) COLLATE utf8_unicode_ci NOT NULL,
  `phone` varchar(11) COLLATE utf8_unicode_ci NOT NULL,
  `roll` int(11) NOT NULL,
  `login_id` varchar(255) COLLATE utf8_unicode_ci NOT NULL,
  `password` varchar(255) COLLATE utf8_unicode_ci NOT NULL,
  `active` int(10) NOT NULL
) ENGINE=InnoDB DEFAULT CHARSET=utf8 COLLATE=utf8_unicode_ci;

--
-- Đang đổ dữ liệu cho bảng `users`
--

INSERT INTO `users` (`id`, `name`, `email`, `phone`, `roll`, `login_id`, `password`, `active`) VALUES
(16006, 'Barry French', 'admin1@gmail.com', '1324568797', 1, 'admin5', '1', 1),
(16007, 'Barry French', 'admin1@gmail.com', '1324568801', 1, 'admin6', '1', 1),
(16008, 'Clay Rozendal', 'admin1@gmail.com', '1324568805', 1, 'admin7', '1', 1),
(16009, 'Carlos Soltero', 'admin1@gmail.com', '1324568809', 1, 'admin8', '1', 1),
(16010, 'Carlos Soltero', 'admin1@gmail.com', '1324568813', 1, 'admin9', '1', 1),
(16011, 'Carl Jackson', 'admin1@gmail.com', '1324568817', 1, 'admin10', '1', 1),
(16012, 'Carl Jackson', 'admin1@gmail.com', '1324568821', 1, 'admin11', '1', 1),
(16013, 'Monica Federle', 'admin1@gmail.com', '1324568825', 1, 'admin12', '1', 1),
(16014, 'Dorothy Badders', 'admin1@gmail.com', '1324568829', 1, 'admin13', '1', 1),
(16015, 'Neola Schneider', 'admin1@gmail.com', '1324568833', 1, 'admin14', '1', 1),
(16016, 'Neola Schneider', 'admin1@gmail.com', '1324568837', 1, 'admin15', '1', 1),
(16017, 'Carlos Daly', 'admin1@gmail.com', '1324568841', 1, 'admin16', '1', 1),
(16018, 'Carlos Daly', 'admin1@gmail.com', '1324568845', 1, 'admin17', '1', 1),
(16019, 'Claudia Miner', 'admin1@gmail.com', '1324568849', 1, 'admin18', '1', 1),
(16020, 'Neola Schneider', 'admin1@gmail.com', '1324568853', 1, 'admin19', '1', 1),
(16021, 'Allen Rosenblatt', 'admin1@gmail.com', '1324568857', 1, 'admin20', '1', 1),
(16022, 'Sylvia Foulston', 'admin1@gmail.com', '1324568861', 1, 'admin21', '1', 1),
(16023, 'Sylvia Foulston', 'admin1@gmail.com', '1324568865', 1, 'admin22', '1', 1),
(16024, 'Jim Radford', 'admin1@gmail.com', '1324568869', 1, 'admin23', '1', 1),
(16025, 'Jim Radford', 'admin1@gmail.com', '1324568873', 1, 'admin24', '1', 1),
(16026, 'Carlos Soltero', 'admin1@gmail.com', '1324568877', 1, 'admin25', '1', 1),
(16027, 'Carlos Soltero', 'admin1@gmail.com', '1324568881', 1, 'admin26', '1', 1),
(16028, 'Carl Ludwig', 'admin1@gmail.com', '1324568885', 1, 'admin27', '1', 1),
(16029, 'Carl Ludwig', 'admin1@gmail.com', '1324568889', 1, 'admin28', '1', 1),
(16030, 'Don Miller', 'admin1@gmail.com', '1324568893', 1, 'admin29', '1', 1),
(16031, 'Annie Cyprus', 'admin1@gmail.com', '1324568897', 1, 'admin30', '1', 1),
(16032, 'Carl Ludwig', 'admin1@gmail.com', '1324568901', 1, 'admin31', '1', 1),
(16033, 'Carlos Soltero', 'admin1@gmail.com', '1324568905', 1, 'admin32', '1', 1),
(16034, 'Grant Carroll', 'admin1@gmail.com', '1324568909', 1, 'admin33', '1', 1),
(16035, 'Don Miller', 'admin1@gmail.com', '1324568913', 1, 'admin34', '1', 1),
(16036, 'Don Miller', 'admin1@gmail.com', '1324568917', 1, 'admin35', '1', 1),
(16037, 'Alan Barnes', 'admin1@gmail.com', '1324568921', 1, 'admin36', '1', 1),
(16038, 'Alan Barnes', 'admin1@gmail.com', '1324568925', 1, 'admin37', '1', 1),
(16039, 'Jack Garza', 'admin1@gmail.com', '1324568929', 1, 'admin38', '1', 1),
(16040, 'Julia West', 'admin1@gmail.com', '1324568933', 1, 'admin39', '1', 1),
(16041, 'Eugene Barchas', 'admin1@gmail.com', '1324568937', 1, 'admin40', '1', 1),
(16042, 'Eugene Barchas', 'admin1@gmail.com', '1324568941', 1, 'admin41', '1', 1),
(16043, 'Eugene Barchas', 'admin1@gmail.com', '1324568945', 1, 'admin42', '1', 1),
(16044, 'Edward Hooks', 'admin1@gmail.com', '1324568949', 1, 'admin43', '1', 1),
(16045, 'Brad Eason', 'admin1@gmail.com', '1324568953', 1, 'admin44', '1', 1),
(16046, 'Nicole Hansen', 'admin1@gmail.com', '1324568957', 1, 'admin45', '1', 1),
(16047, 'Dorothy Wardle', 'admin1@gmail.com', '1324568961', 1, 'admin46', '1', 1),
(16048, 'Aaron Bergman', 'admin1@gmail.com', '1324568965', 1, 'admin47', '1', 1),
(16049, 'Jim Radford', 'admin1@gmail.com', '1324568969', 1, 'admin48', '1', 1),
(16050, 'Annie Cyprus', 'admin1@gmail.com', '1324568973', 1, 'admin49', '1', 1),
(16051, 'Annie Cyprus', 'admin1@gmail.com', '1324568977', 1, 'admin50', '1', 1),
(16052, 'Annie Cyprus', 'admin1@gmail.com', '1324568981', 1, 'admin51', '1', 1),
(16053, 'Annie Cyprus', 'admin1@gmail.com', '1324568985', 1, 'admin52', '1', 1),
(16054, 'Annie Cyprus', 'admin1@gmail.com', '1324568989', 1, 'admin53', '1', 1),
(16055, 'Clay Rozendal', 'admin1@gmail.com', '1324568993', 1, 'admin54', '1', 1),
(16056, 'Don Jones', 'admin1@gmail.com', '1324568997', 1, 'admin55', '1', 1),
(16057, 'Beth Thompson', 'admin1@gmail.com', '1324569001', 1, 'admin56', '1', 1),
(16058, 'Frank Price', 'admin1@gmail.com', '1324569005', 1, 'admin57', '1', 1),
(16059, 'Michelle Lonsdale', 'admin1@gmail.com', '1324569009', 1, 'admin58', '1', 1),
(16060, 'Ann Chong', 'admin1@gmail.com', '1324569013', 1, 'admin59', '1', 1),
(16061, 'Ann Chong', 'admin1@gmail.com', '1324569017', 1, 'admin60', '1', 1),
(16062, 'Joy Bell', 'admin1@gmail.com', '1324569021', 1, 'admin61', '1', 1),
(16063, 'Joy Bell', 'admin1@gmail.com', '1324569025', 1, 'admin62', '1', 1),
(16064, 'Skye Norling', 'admin1@gmail.com', '1324569029', 1, 'admin63', '1', 1),
(16065, 'Barry Weirich', 'admin1@gmail.com', '1324569033', 1, 'admin64', '1', 1),
(16066, 'Grant Carroll', 'admin1@gmail.com', '1324569037', 1, 'admin65', '1', 1),
(16067, 'Grant Carroll', 'admin1@gmail.com', '1324569041', 1, 'admin66', '1', 1),
(16068, 'Adrian Hane', 'admin1@gmail.com', '1324569045', 1, 'admin67', '1', 1),
(16069, 'Skye Norling', 'admin1@gmail.com', '1324569049', 1, 'admin68', '1', 1),
(16070, 'Skye Norling', 'admin1@gmail.com', '1324569053', 1, 'admin69', '1', 1),
(16071, 'Andrew Gjertsen', 'admin1@gmail.com', '1324569057', 1, 'admin70', '1', 1),
(16072, 'Ralph Knight', 'admin1@gmail.com', '1324569061', 1, 'admin71', '1', 1),
(16073, 'Dorothy Wardle', 'admin1@gmail.com', '1324569065', 1, 'admin72', '1', 1),
(16074, 'Dorothy Wardle', 'admin1@gmail.com', '1324569069', 1, 'admin73', '1', 1),
(16075, 'Dorothy Wardle', 'admin1@gmail.com', '1324569073', 1, 'admin74', '1', 1),
(16076, 'Grant Carroll', 'admin1@gmail.com', '1324569077', 1, 'admin75', '1', 1),
(16077, 'Barry Weirich', 'admin1@gmail.com', '1324569081', 1, 'admin76', '1', 1),
(16078, 'Beth Paige', 'admin1@gmail.com', '1324569085', 1, 'admin77', '1', 1),
(16079, 'Sylvia Foulston', 'admin1@gmail.com', '1324569089', 1, 'admin78', '1', 1),
(16080, 'Nicole Hansen', 'admin1@gmail.com', '1324569093', 1, 'admin79', '1', 1),
(16081, 'Nicole Hansen', 'admin1@gmail.com', '1324569097', 1, 'admin80', '1', 1),
(16082, 'Nicole Hansen', 'admin1@gmail.com', '1324569101', 1, 'admin81', '1', 1),
(16083, 'Beth Paige', 'admin1@gmail.com', '1324569105', 1, 'admin82', '1', 1),
(16084, 'Beth Paige', 'admin1@gmail.com', '1324569109', 1, 'admin83', '1', 1),
(16085, 'Beth Paige', 'admin1@gmail.com', '1324569113', 1, 'admin84', '1', 1),
(16086, 'Beth Paige', 'admin1@gmail.com', '1324569117', 1, 'admin85', '1', 1),
(16087, 'Beth Paige', 'admin1@gmail.com', '1324569121', 1, 'admin86', '1', 1),
(16088, 'Sylvia Foulston', 'admin1@gmail.com', '1324569125', 1, 'admin87', '1', 1),
(16089, 'Bryan Davis', 'admin1@gmail.com', '1324569129', 1, 'admin88', '1', 1),
(16090, 'Joy Bell', 'admin1@gmail.com', '1324569133', 1, 'admin89', '1', 1),
(16091, 'Joy Bell', 'admin1@gmail.com', '1324569137', 1, 'admin90', '1', 1),
(16092, 'Joy Bell', 'admin1@gmail.com', '1324569141', 1, 'admin91', '1', 1),
(16093, 'Alan Barnes', 'admin1@gmail.com', '1324569145', 1, 'admin92', '1', 1),
(16094, 'Grant Carroll', 'admin1@gmail.com', '1324569149', 1, 'admin93', '1', 1),
(16095, 'Grant Carroll', 'admin1@gmail.com', '1324569153', 1, 'admin94', '1', 1),
(16096, 'Grant Carroll', 'admin1@gmail.com', '1324569157', 1, 'admin95', '1', 1),
(16097, 'Delfina Latchford', 'admin1@gmail.com', '1324569161', 1, 'admin96', '1', 1),
(16098, 'Don Jones', 'admin1@gmail.com', '1324569165', 1, 'admin97', '1', 1),
(16099, 'Doug Bickford', 'admin1@gmail.com', '1324569169', 1, 'admin98', '1', 1),
(16100, 'Doug Bickford', 'admin1@gmail.com', '1324569173', 1, 'admin99', '1', 1),
(16101, 'Doug Bickford', 'admin1@gmail.com', '1324569177', 1, 'admin100', '1', 1),
(16102, 'Jamie Kunitz', 'admin1@gmail.com', '1324569181', 1, 'admin101', '1', 1),
(16103, 'Anthony Johnson', 'admin1@gmail.com', '1324569185', 1, 'admin102', '1', 1),
(16104, 'Ralph Knight', 'admin1@gmail.com', '1324569189', 1, 'admin103', '1', 1),
(16105, 'Allen Rosenblatt', 'admin1@gmail.com', '1324569193', 1, 'admin104', '1', 1),
(16106, 'Barry Weirich', 'admin1@gmail.com', '1324569197', 1, 'admin105', '1', 1),
(16107, 'Doug Bickford', 'admin1@gmail.com', '1324569201', 1, 'admin106', '1', 1),
(16108, 'Carl Jackson', 'admin1@gmail.com', '1324569205', 1, 'admin107', '1', 1),
(16109, 'Brendan Dodson', 'admin1@gmail.com', '1324569209', 1, 'admin108', '1', 1),
(16110, 'Edward Hooks', 'admin1@gmail.com', '1324569213', 1, 'admin109', '1', 1),
(16111, 'Jamie Kunitz', 'admin1@gmail.com', '1324569217', 1, 'admin110', '1', 1),
(16112, 'Jamie Kunitz', 'admin1@gmail.com', '1324569221', 1, 'admin111', '1', 1),
(16113, 'Michelle Lonsdale', 'admin1@gmail.com', '1324569225', 1, 'admin112', '1', 1),
(16114, 'Michelle Lonsdale', 'admin1@gmail.com', '1324569229', 1, 'admin113', '1', 1),
(16115, 'Brendan Dodson', 'admin1@gmail.com', '1324569233', 1, 'admin114', '1', 1),
(16116, 'Hunter Glantz', 'admin1@gmail.com', '1324569237', 1, 'admin115', '1', 1),
(16117, 'Sylvia Foulston', 'admin1@gmail.com', '1324569241', 1, 'admin116', '1', 1),
(16118, 'Eugene Barchas', 'admin1@gmail.com', '1324569245', 1, 'admin117', '1', 1),
(16119, 'Jim Radford', 'admin1@gmail.com', '1324569249', 1, 'admin118', '1', 1),
(16120, 'Carlos Soltero', 'admin1@gmail.com', '1324569253', 1, 'admin119', '1', 1),
(16121, 'Carlos Soltero', 'admin1@gmail.com', '1324569257', 1, 'admin120', '1', 1),
(16122, 'Carlos Soltero', 'admin1@gmail.com', '1324569261', 1, 'admin121', '1', 1),
(16123, 'Carlos Soltero', 'admin1@gmail.com', '1324569265', 1, 'admin122', '1', 1),
(16124, 'Jim Radford', 'admin1@gmail.com', '1324569269', 1, 'admin123', '1', 1),
(16125, 'Jim Radford', 'admin1@gmail.com', '1324569273', 1, 'admin124', '1', 1),
(16126, 'Grant Carroll', 'admin1@gmail.com', '1324569277', 1, 'admin125', '1', 1),
(16127, 'Grant Carroll', 'admin1@gmail.com', '1324569281', 1, 'admin126', '1', 1),
(16128, 'Skye Norling', 'admin1@gmail.com', '1324569285', 1, 'admin127', '1', 1),
(16129, 'Doug Bickford', 'admin1@gmail.com', '1324569289', 1, 'admin128', '1', 1),
(16130, 'Grant Carroll', 'admin1@gmail.com', '1324569293', 1, 'admin129', '1', 1),
(16131, 'Muhammed MacIntyre', 'admin1@gmail.com', '1324569297', 1, 'admin130', '1', 1),
(16132, 'Muhammed MacIntyre', 'admin1@gmail.com', '1324569301', 1, 'admin131', '1', 1),
(16133, 'Muhammed MacIntyre', 'admin1@gmail.com', '1324569305', 1, 'admin132', '1', 1),
(16134, 'Doug Bickford', 'admin1@gmail.com', '1324569309', 1, 'admin133', '1', 1),
(16135, 'Doug Bickford', 'admin1@gmail.com', '1324569313', 1, 'admin134', '1', 1),
(16136, 'Beth Thompson', 'admin1@gmail.com', '1324569317', 1, 'admin135', '1', 1),
(16137, 'Ralph Knight', 'admin1@gmail.com', '1324569321', 1, 'admin136', '1', 1),
(16138, 'Carl Jackson', 'admin1@gmail.com', '1324569325', 1, 'admin137', '1', 1),
(16139, 'Carl Jackson', 'admin1@gmail.com', '1324569329', 1, 'admin138', '1', 1),
(16140, 'Dorothy Badders', 'admin1@gmail.com', '1324569333', 1, 'admin139', '1', 1),
(16141, 'Dorothy Badders', 'admin1@gmail.com', '1324569337', 1, 'admin140', '1', 1),
(16142, 'Dorothy Badders', 'admin1@gmail.com', '1324569341', 1, 'admin141', '1', 1),
(16143, 'Delfina Latchford', 'admin1@gmail.com', '1324569345', 1, 'admin142', '1', 1),
(16144, 'Julia West', 'admin1@gmail.com', '1324569349', 1, 'admin143', '1', 1),
(16145, 'Julia West', 'admin1@gmail.com', '1324569353', 1, 'admin144', '1', 1),
(16146, 'Brad Eason', 'admin1@gmail.com', '1324569357', 1, 'admin145', '1', 1),
(16147, 'Thomas Seio', 'admin1@gmail.com', '1324569361', 1, 'admin146', '1', 1),
(16148, 'Thomas Seio', 'admin1@gmail.com', '1324569365', 1, 'admin147', '1', 1),
(16149, 'Thomas Seio', 'admin1@gmail.com', '1324569369', 1, 'admin148', '1', 1),
(16150, 'Monica Federle', 'admin1@gmail.com', '1324569373', 1, 'admin149', '1', 1),
(16151, 'Monica Federle', 'admin1@gmail.com', '1324569377', 1, 'admin150', '1', 1),
(16152, 'Michelle Lonsdale', 'admin1@gmail.com', '1324569381', 1, 'admin151', '1', 1),
(16153, 'Frank Price', 'admin1@gmail.com', '1324569385', 1, 'admin152', '1', 1),
(16154, 'Frank Price', 'admin1@gmail.com', '1324569389', 1, 'admin153', '1', 1),
(16155, 'Bryan Davis', 'admin1@gmail.com', '1324569393', 1, 'admin154', '1', 1),
(16156, 'Don Jones', 'admin1@gmail.com', '1324569397', 1, 'admin155', '1', 1),
(16157, 'Carlos Soltero', 'admin1@gmail.com', '1324569401', 1, 'admin156', '1', 1),
(16158, 'Carlos Soltero', 'admin1@gmail.com', '1324569405', 1, 'admin157', '1', 1),
(16159, 'Nicole Hansen', 'admin1@gmail.com', '1324569409', 1, 'admin158', '1', 1),
(16160, 'Nicole Hansen', 'admin1@gmail.com', '1324569413', 1, 'admin159', '1', 1),
(16161, 'Beth Thompson', 'admin1@gmail.com', '1324569417', 1, 'admin160', '1', 1),
(16162, 'Beth Thompson', 'admin1@gmail.com', '1324569421', 1, 'admin161', '1', 1),
(16163, 'Beth Thompson', 'admin1@gmail.com', '1324569425', 1, 'admin162', '1', 1),
(16164, 'Nicole Hansen', 'admin1@gmail.com', '1324569429', 1, 'admin163', '1', 1),
(16165, 'Carlos Soltero', 'admin1@gmail.com', '1324569433', 1, 'admin164', '1', 1),
(16166, 'Carlos Soltero', 'admin1@gmail.com', '1324569437', 1, 'admin165', '1', 1),
(16167, 'Dorothy Badders', 'admin1@gmail.com', '1324569441', 1, 'admin166', '1', 1),
(16168, 'Muhammed MacIntyre', 'admin1@gmail.com', '1324569445', 1, 'admin167', '1', 1),
(16169, 'Muhammed MacIntyre', 'admin1@gmail.com', '1324569449', 1, 'admin168', '1', 1),
(16170, 'Don Miller', 'admin1@gmail.com', '1324569453', 1, 'admin169', '1', 1),
(16171, 'Sylvia Foulston', 'admin1@gmail.com', '1324569457', 1, 'admin170', '1', 1),
(16172, 'Becky Castell', 'admin1@gmail.com', '1324569461', 1, 'admin171', '1', 1),
(16173, 'Dorothy Wardle', 'admin1@gmail.com', '1324569465', 1, 'admin172', '1', 1),
(16174, 'Dorothy Wardle', 'admin1@gmail.com', '1324569469', 1, 'admin173', '1', 1),
(16175, 'Dorothy Wardle', 'admin1@gmail.com', '1324569473', 1, 'admin174', '1', 1),
(16176, 'Ann Chong', 'admin1@gmail.com', '1324569477', 1, 'admin175', '1', 1),
(16177, 'Ann Chong', 'admin1@gmail.com', '1324569481', 1, 'admin176', '1', 1),
(16178, 'Ann Chong', 'admin1@gmail.com', '1324569485', 1, 'admin177', '1', 1),
(16179, 'Clay Rozendal', 'admin1@gmail.com', '1324569489', 1, 'admin178', '1', 1),
(16180, 'Grant Carroll', 'admin1@gmail.com', '1324569493', 1, 'admin179', '1', 1),
(16181, 'Brendan Dodson', 'admin1@gmail.com', '1324569497', 1, 'admin180', '1', 1),
(16182, 'Carlos Daly', 'admin1@gmail.com', '1324569501', 1, 'admin181', '1', 1),
(16183, 'Alan Barnes', 'admin1@gmail.com', '1324569505', 1, 'admin182', '1', 1),
(16184, 'Alan Barnes', 'admin1@gmail.com', '1324569509', 1, 'admin183', '1', 1),
(16185, 'Alan Barnes', 'admin1@gmail.com', '1324569513', 1, 'admin184', '1', 1),
(16186, 'Nicole Hansen', 'admin1@gmail.com', '1324569517', 1, 'admin185', '1', 1),
(16187, 'Cari Schnelling', 'admin1@gmail.com', '1324569521', 1, 'admin186', '1', 1),
(16188, 'Chad Cunningham', 'admin1@gmail.com', '1324569525', 1, 'admin187', '1', 1),
(16189, 'Bryan Mills', 'admin1@gmail.com', '1324569529', 1, 'admin188', '1', 1),
(16190, 'Bryan Mills', 'admin1@gmail.com', '1324569533', 1, 'admin189', '1', 1),
(16191, 'Adrian Hane', 'admin1@gmail.com', '1324569537', 1, 'admin190', '1', 1),
(16192, 'Adrian Hane', 'admin1@gmail.com', '1324569541', 1, 'admin191', '1', 1),
(16193, 'Rick Reed', 'admin1@gmail.com', '1324569545', 1, 'admin192', '1', 1),
(16194, 'Heather Kirkland', 'admin1@gmail.com', '1324569549', 1, 'admin193', '1', 1),
(16195, 'Fred Wasserman', 'admin1@gmail.com', '1324569553', 1, 'admin194', '1', 1),
(16196, 'Becky Castell', 'admin1@gmail.com', '1324569557', 1, 'admin195', '1', 1),
(16197, 'Becky Castell', 'admin1@gmail.com', '1324569561', 1, 'admin196', '1', 1),
(16198, 'Beth Thompson', 'admin1@gmail.com', '1324569565', 1, 'admin197', '1', 1),
(16199, 'Claudia Miner', 'admin1@gmail.com', '1324569569', 1, 'admin198', '1', 1),
(16200, 'Jack Lebron', 'admin1@gmail.com', '1324569573', 1, 'admin199', '1', 1),
(16201, 'Alan Barnes', 'admin1@gmail.com', '1324569577', 1, 'admin200', '1', 1),
(16202, 'Carlos Soltero', 'admin1@gmail.com', '1324569581', 1, 'admin201', '1', 1),
(16203, 'Clay Rozendal', 'admin1@gmail.com', '1324569585', 1, 'admin202', '1', 1),
(16204, 'Clay Rozendal', 'admin1@gmail.com', '1324569589', 1, 'admin203', '1', 1),
(16205, 'Julia West', 'admin1@gmail.com', '1324569593', 1, 'admin204', '1', 1),
(16206, 'Alan Barnes', 'admin1@gmail.com', '1324569597', 1, 'admin205', '1', 1),
(16207, 'Joy Bell', 'admin1@gmail.com', '1324569601', 1, 'admin206', '1', 1),
(16208, 'Joy Bell', 'admin1@gmail.com', '1324569605', 1, 'admin207', '1', 1),
(16209, 'Joy Bell', 'admin1@gmail.com', '1324569609', 1, 'admin208', '1', 1),
(16210, 'Jack Lebron', 'admin1@gmail.com', '1324569613', 1, 'admin209', '1', 1),
(16211, 'Anthony Johnson', 'admin1@gmail.com', '1324569617', 1, 'admin210', '1', 1),
(16212, 'Anthony Johnson', 'admin1@gmail.com', '1324569621', 1, 'admin211', '1', 1),
(16213, 'Anthony Johnson', 'admin1@gmail.com', '1324569625', 1, 'admin212', '1', 1),
(16214, 'Eugene Barchas', 'admin1@gmail.com', '1324569629', 1, 'admin213', '1', 1),
(16215, 'Eugene Barchas', 'admin1@gmail.com', '1324569633', 1, 'admin214', '1', 1),
(16216, 'Thomas Seio', 'admin1@gmail.com', '1324569637', 1, 'admin215', '1', 1),
(16217, 'Bryan Mills', 'admin1@gmail.com', '1324569641', 1, 'admin216', '1', 1),
(16218, 'Bryan Mills', 'admin1@gmail.com', '1324569645', 1, 'admin217', '1', 1),
(16219, 'Eugene Barchas', 'admin1@gmail.com', '1324569649', 1, 'admin218', '1', 1),
(16220, 'Sylvia Foulston', 'admin1@gmail.com', '1324569653', 1, 'admin219', '1', 1),
(16221, 'Sylvia Foulston', 'admin1@gmail.com', '1324569657', 1, 'admin220', '1', 1),
(16222, 'Carl Ludwig', 'admin1@gmail.com', '1324569661', 1, 'admin221', '1', 1),
(16223, 'Julia West', 'admin1@gmail.com', '1324569665', 1, 'admin222', '1', 1),
(16224, 'Don Jones', 'admin1@gmail.com', '1324569669', 1, 'admin223', '1', 1),
(16225, 'Mike Pelletier', 'admin1@gmail.com', '1324569673', 1, 'admin224', '1', 1),
(16226, 'Mike Pelletier', 'admin1@gmail.com', '1324569677', 1, 'admin225', '1', 1),
(16227, 'Eugene Barchas', 'admin1@gmail.com', '1324569681', 1, 'admin226', '1', 1),
(16228, 'Ann Chong', 'admin1@gmail.com', '1324569685', 1, 'admin227', '1', 1),
(16229, 'Ann Chong', 'admin1@gmail.com', '1324569689', 1, 'admin228', '1', 1),
(16230, 'Charles McCrossin', 'admin1@gmail.com', '1324569693', 1, 'admin229', '1', 1),
(16231, 'Annie Cyprus', 'admin1@gmail.com', '1324569697', 1, 'admin230', '1', 1),
(16232, 'Annie Cyprus', 'admin1@gmail.com', '1324569701', 1, 'admin231', '1', 1),
(16233, 'Carlos Soltero', 'admin1@gmail.com', '1324569705', 1, 'admin232', '1', 1),
(16234, 'Doug Bickford', 'admin1@gmail.com', '1324569709', 1, 'admin233', '1', 1),
(16235, 'Carlos Daly', 'admin1@gmail.com', '1324569713', 1, 'admin234', '1', 1),
(16236, 'Fred Wasserman', 'admin1@gmail.com', '1324569717', 1, 'admin235', '1', 1),
(16237, 'Fred Wasserman', 'admin1@gmail.com', '1324569721', 1, 'admin236', '1', 1),
(16238, 'Sylvia Foulston', 'admin1@gmail.com', '1324569725', 1, 'admin237', '1', 1),
(16239, 'Michelle Lonsdale', 'admin1@gmail.com', '1324569729', 1, 'admin238', '1', 1),
(16240, 'Sylvia Foulston', 'admin1@gmail.com', '1324569733', 1, 'admin239', '1', 1),
(16241, 'Sylvia Foulston', 'admin1@gmail.com', '1324569737', 1, 'admin240', '1', 1),
(16242, 'Sylvia Foulston', 'admin1@gmail.com', '1324569741', 1, 'admin241', '1', 1),
(16243, 'Sylvia Foulston', 'admin1@gmail.com', '1324569745', 1, 'admin242', '1', 1),
(16244, 'Charlotte Melton', 'admin1@gmail.com', '1324569749', 1, 'admin243', '1', 1),
(16245, 'Barry French', 'admin1@gmail.com', '1324569753', 1, 'admin244', '1', 1),
(16246, 'Heather Kirkland', 'admin1@gmail.com', '1324569757', 1, 'admin245', '1', 1),
(16247, 'Heather Kirkland', 'admin1@gmail.com', '1324569761', 1, 'admin246', '1', 1),
(16248, 'Heather Kirkland', 'admin1@gmail.com', '1324569765', 1, 'admin247', '1', 1),
(16249, 'Henry Goldwyn', 'admin1@gmail.com', '1324569769', 1, 'admin248', '1', 1),
(16250, 'Frank Price', 'admin1@gmail.com', '1324569773', 1, 'admin249', '1', 1),
(16251, 'Jim Radford', 'admin1@gmail.com', '1324569777', 1, 'admin250', '1', 1),
(16252, 'Jim Radford', 'admin1@gmail.com', '1324569781', 1, 'admin251', '1', 1),
(16253, 'Ralph Knight', 'admin1@gmail.com', '1324569785', 1, 'admin252', '1', 1),
(16254, 'Delfina Latchford', 'admin1@gmail.com', '1324569789', 1, 'admin253', '1', 1),
(16255, 'Delfina Latchford', 'admin1@gmail.com', '1324569793', 1, 'admin254', '1', 1),
(16256, 'Roy Skaria', 'admin1@gmail.com', '1324569797', 1, 'admin255', '1', 1),
(16257, 'Roy Skaria', 'admin1@gmail.com', '1324569801', 1, 'admin256', '1', 1),
(16258, 'Monica Federle', 'admin1@gmail.com', '1324569805', 1, 'admin257', '1', 1),
(16259, 'Monica Federle', 'admin1@gmail.com', '1324569809', 1, 'admin258', '1', 1),
(16260, 'Charles McCrossin', 'admin1@gmail.com', '1324569813', 1, 'admin259', '1', 1),
(16261, 'Don Miller', 'admin1@gmail.com', '1324569817', 1, 'admin260', '1', 1),
(16262, 'Jeremy Lonsdale', 'admin1@gmail.com', '1324569821', 1, 'admin261', '1', 1),
(16263, 'Jeremy Lonsdale', 'admin1@gmail.com', '1324569825', 1, 'admin262', '1', 1),
(16264, 'Grant Carroll', 'admin1@gmail.com', '1324569829', 1, 'admin263', '1', 1),
(16265, 'Carl Ludwig', 'admin1@gmail.com', '1324569833', 1, 'admin264', '1', 1),
(16266, 'Carlos Daly', 'admin1@gmail.com', '1324569837', 1, 'admin265', '1', 1),
(16267, 'Ralph Knight', 'admin1@gmail.com', '1324569841', 1, 'admin266', '1', 1),
(16268, 'Cindy Schnelling', 'admin1@gmail.com', '1324569845', 1, 'admin267', '1', 1),
(16269, 'Claudia Miner', 'admin1@gmail.com', '1324569849', 1, 'admin268', '1', 1),
(16270, 'Roy Skaria', 'admin1@gmail.com', '1324569853', 1, 'admin269', '1', 1),
(16271, 'Delfina Latchford', 'admin1@gmail.com', '1324569857', 1, 'admin270', '1', 1),
(16272, 'Edward Hooks', 'admin1@gmail.com', '1324569861', 1, 'admin271', '1', 1),
(16273, 'Edward Hooks', 'admin1@gmail.com', '1324569865', 1, 'admin272', '1', 1),
(16274, 'Don Miller', 'admin1@gmail.com', '1324569869', 1, 'admin273', '1', 1),
(16275, 'Grant Carroll', 'admin1@gmail.com', '1324569873', 1, 'admin274', '1', 1),
(16276, 'Grant Carroll', 'admin1@gmail.com', '1324569877', 1, 'admin275', '1', 1),
(16277, 'Brad Eason', 'admin1@gmail.com', '1324569881', 1, 'admin276', '1', 1),
(16278, 'Charles McCrossin', 'admin1@gmail.com', '1324569885', 1, 'admin277', '1', 1),
(16279, 'Charles McCrossin', 'admin1@gmail.com', '1324569889', 1, 'admin278', '1', 1),
(16280, 'Charles McCrossin', 'admin1@gmail.com', '1324569893', 1, 'admin279', '1', 1),
(16281, 'Charles McCrossin', 'admin1@gmail.com', '1324569897', 1, 'admin280', '1', 1),
(16282, 'Bryan Mills', 'admin1@gmail.com', '1324569901', 1, 'admin281', '1', 1),
(16283, 'Monica Federle', 'admin1@gmail.com', '1324569905', 1, 'admin282', '1', 1),
(16284, 'Michelle Lonsdale', 'admin1@gmail.com', '1324569909', 1, 'admin283', '1', 1),
(16285, 'Michelle Lonsdale', 'admin1@gmail.com', '1324569913', 1, 'admin284', '1', 1),
(16286, 'Michelle Lonsdale', 'admin1@gmail.com', '1324569917', 1, 'admin285', '1', 1),
(16287, 'Michelle Lonsdale', 'admin1@gmail.com', '1324569921', 1, 'admin286', '1', 1),
(16288, 'Beth Thompson', 'admin1@gmail.com', '1324569925', 1, 'admin287', '1', 1),
(16289, 'Cindy Schnelling', 'admin1@gmail.com', '1324569929', 1, 'admin288', '1', 1),
(16290, 'Cindy Schnelling', 'admin1@gmail.com', '1324569933', 1, 'admin289', '1', 1),
(16291, 'Nicole Hansen', 'admin1@gmail.com', '1324569937', 1, 'admin290', '1', 1),
(16292, 'Nicole Hansen', 'admin1@gmail.com', '1324569941', 1, 'admin291', '1', 1),
(16293, 'Nicole Hansen', 'admin1@gmail.com', '1324569945', 1, 'admin292', '1', 1),
(16294, 'Cari Schnelling', 'admin1@gmail.com', '1324569949', 1, 'admin293', '1', 1),
(16295, 'Cari Schnelling', 'admin1@gmail.com', '1324569953', 1, 'admin294', '1', 1),
(16296, 'Roy Skaria', 'admin1@gmail.com', '1324569957', 1, 'admin295', '1', 1),
(16297, 'Susan Vittorini', 'admin1@gmail.com', '1324569961', 1, 'admin296', '1', 1),
(16298, 'Susan Vittorini', 'admin1@gmail.com', '1324569965', 1, 'admin297', '1', 1),
(16299, 'Sylvia Foulston', 'admin1@gmail.com', '1324569969', 1, 'admin298', '1', 1),
(16300, 'Sylvia Foulston', 'admin1@gmail.com', '1324569973', 1, 'admin299', '1', 1),
(16301, 'Chad Cunningham', 'admin1@gmail.com', '1324569977', 1, 'admin300', '1', 1),
(16302, 'Chad Cunningham', 'admin1@gmail.com', '1324569981', 1, 'admin301', '1', 1),
(16303, 'Carlos Daly', 'admin1@gmail.com', '1324569985', 1, 'admin302', '1', 1),
(16304, 'Carlos Daly', 'admin1@gmail.com', '1324569989', 1, 'admin303', '1', 1),
(16305, 'Grant Carroll', 'admin1@gmail.com', '1324569993', 1, 'admin304', '1', 1),
(16306, 'Julia West', 'admin1@gmail.com', '1324569997', 1, 'admin305', '1', 1),
(16307, 'Roy Skaria', 'admin1@gmail.com', '1324570001', 1, 'admin306', '1', 1),
(16308, 'Cindy Schnelling', 'admin1@gmail.com', '1324570005', 1, 'admin307', '1', 1),
(16309, 'Don Jones', 'admin1@gmail.com', '1324570009', 1, 'admin308', '1', 1),
(16310, 'Beth Thompson', 'admin1@gmail.com', '1324570013', 1, 'admin309', '1', 1),
(16311, 'Beth Thompson', 'admin1@gmail.com', '1324570017', 1, 'admin310', '1', 1),
(16312, 'Alan Barnes', 'admin1@gmail.com', '1324570021', 1, 'admin311', '1', 1),
(16313, 'Alan Barnes', 'admin1@gmail.com', '1324570025', 1, 'admin312', '1', 1),
(16314, 'Carl Ludwig', 'admin1@gmail.com', '1324570029', 1, 'admin313', '1', 1),
(16315, 'Carl Ludwig', 'admin1@gmail.com', '1324570033', 1, 'admin314', '1', 1),
(16316, 'Carl Ludwig', 'admin1@gmail.com', '1324570037', 1, 'admin315', '1', 1),
(16317, 'Jamie Kunitz', 'admin1@gmail.com', '1324570041', 1, 'admin316', '1', 1),
(16318, 'Heather Kirkland', 'admin1@gmail.com', '1324570045', 1, 'admin317', '1', 1),
(16319, 'Heather Kirkland', 'admin1@gmail.com', '1324570049', 1, 'admin318', '1', 1),
(16320, 'Heather Kirkland', 'admin1@gmail.com', '1324570053', 1, 'admin319', '1', 1),
(16321, 'Doug Bickford', 'admin1@gmail.com', '1324570057', 1, 'admin320', '1', 1),
(16322, 'Doug Bickford', 'admin1@gmail.com', '1324570061', 1, 'admin321', '1', 1),
(16323, 'Doug Bickford', 'admin1@gmail.com', '1324570065', 1, 'admin322', '1', 1),
(16324, 'Doug Bickford', 'admin1@gmail.com', '1324570069', 1, 'admin323', '1', 1),
(16325, 'Carlos Daly', 'admin1@gmail.com', '1324570073', 1, 'admin324', '1', 1),
(16326, 'Toby Braunhardt', 'admin1@gmail.com', '1324570077', 1, 'admin325', '1', 1),
(16327, 'Toby Braunhardt', 'admin1@gmail.com', '1324570081', 1, 'admin326', '1', 1),
(16328, 'Toby Braunhardt', 'admin1@gmail.com', '1324570085', 1, 'admin327', '1', 1),
(16329, 'Cari Schnelling', 'admin1@gmail.com', '1324570089', 1, 'admin328', '1', 1),
(16330, 'Thomas Seio', 'admin1@gmail.com', '1324570093', 1, 'admin329', '1', 1),
(16331, 'Thomas Seio', 'admin1@gmail.com', '1324570097', 1, 'admin330', '1', 1),
(16332, 'Thomas Seio', 'admin1@gmail.com', '1324570101', 1, 'admin331', '1', 1),
(16333, 'Brendan Dodson', 'admin1@gmail.com', '1324570105', 1, 'admin332', '1', 1),
(16334, 'Brendan Dodson', 'admin1@gmail.com', '1324570109', 1, 'admin333', '1', 1),
(16335, 'Charlotte Melton', 'admin1@gmail.com', '1324570113', 1, 'admin334', '1', 1),
(16336, 'Beth Thompson', 'admin1@gmail.com', '1324570117', 1, 'admin335', '1', 1),
(16337, 'Beth Thompson', 'admin1@gmail.com', '1324570121', 1, 'admin336', '1', 1),
(16338, 'Eugene Barchas', 'admin1@gmail.com', '1324570125', 1, 'admin337', '1', 1),
(16339, 'Michelle Lonsdale', 'admin1@gmail.com', '1324570129', 1, 'admin338', '1', 1),
(16340, 'Michelle Lonsdale', 'admin1@gmail.com', '1324570133', 1, 'admin339', '1', 1),
(16341, 'Grant Carroll', 'admin1@gmail.com', '1324570137', 1, 'admin340', '1', 1),
(16342, 'Beth Paige', 'admin1@gmail.com', '1324570141', 1, 'admin341', '1', 1),
(16343, 'Dorothy Wardle', 'admin1@gmail.com', '1324570145', 1, 'admin342', '1', 1),
(16344, 'Muhammed MacIntyre', 'admin1@gmail.com', '1324570149', 1, 'admin343', '1', 1),
(16345, 'Charlotte Melton', 'admin1@gmail.com', '1324570153', 1, 'admin344', '1', 1),
(16346, 'Muhammed MacIntyre', 'admin1@gmail.com', '1324570157', 1, 'admin345', '1', 1),
(16347, 'Claudia Miner', 'admin1@gmail.com', '1324570161', 1, 'admin346', '1', 1),
(16348, 'Claudia Miner', 'admin1@gmail.com', '1324570165', 1, 'admin347', '1', 1),
(16349, 'Claudia Miner', 'admin1@gmail.com', '1324570169', 1, 'admin348', '1', 1),
(16350, 'Brendan Dodson', 'admin1@gmail.com', '1324570173', 1, 'admin349', '1', 1),
(16351, 'Dorothy Wardle', 'admin1@gmail.com', '1324570177', 1, 'admin350', '1', 1),
(16352, 'Mike Pelletier', 'admin1@gmail.com', '1324570181', 1, 'admin351', '1', 1),
(16353, 'Edward Hooks', 'admin1@gmail.com', '1324570185', 1, 'admin352', '1', 1),
(16354, 'Edward Hooks', 'admin1@gmail.com', '1324570189', 1, 'admin353', '1', 1),
(16355, 'Jamie Kunitz', 'admin1@gmail.com', '1324570193', 1, 'admin354', '1', 1),
(16356, 'Jamie Kunitz', 'admin1@gmail.com', '1324570197', 1, 'admin355', '1', 1),
(16357, 'Julia West', 'admin1@gmail.com', '1324570201', 1, 'admin356', '1', 1),
(16358, 'Jeremy Lonsdale', 'admin1@gmail.com', '1324570205', 1, 'admin357', '1', 1),
(16359, 'Jeremy Lonsdale', 'admin1@gmail.com', '1324570209', 1, 'admin358', '1', 1),
(16360, 'Jeremy Lonsdale', 'admin1@gmail.com', '1324570213', 1, 'admin359', '1', 1),
(16361, 'Jeremy Lonsdale', 'admin1@gmail.com', '1324570217', 1, 'admin360', '1', 1),
(16362, 'Cindy Schnelling', 'admin1@gmail.com', '1324570221', 1, 'admin361', '1', 1),
(16363, 'Heather Kirkland', 'admin1@gmail.com', '1324570225', 1, 'admin362', '1', 1),
(16364, 'Alan Barnes', 'admin1@gmail.com', '1324570229', 1, 'admin363', '1', 1),
(16365, 'Hunter Glantz', 'admin1@gmail.com', '1324570233', 1, 'admin364', '1', 1),
(16366, 'Hunter Glantz', 'admin1@gmail.com', '1324570237', 1, 'admin365', '1', 1),
(16367, 'Hunter Glantz', 'admin1@gmail.com', '1324570241', 1, 'admin366', '1', 1),
(16368, 'Julia West', 'admin1@gmail.com', '1324570245', 1, 'admin367', '1', 1),
(16369, 'Carlos Daly', 'admin1@gmail.com', '1324570249', 1, 'admin368', '1', 1),
(16370, 'Barry French', 'admin1@gmail.com', '1324570253', 1, 'admin369', '1', 1),
(16371, 'Susan Vittorini', 'admin1@gmail.com', '1324570257', 1, 'admin370', '1', 1),
(16372, 'Carl Jackson', 'admin1@gmail.com', '1324570261', 1, 'admin371', '1', 1),
(16373, 'Carl Jackson', 'admin1@gmail.com', '1324570265', 1, 'admin372', '1', 1),
(16374, 'Carl Jackson', 'admin1@gmail.com', '1324570269', 1, 'admin373', '1', 1),
(16375, 'Alan Barnes', 'admin1@gmail.com', '1324570273', 1, 'admin374', '1', 1),
(16376, 'Charlotte Melton', 'admin1@gmail.com', '1324570277', 1, 'admin375', '1', 1),
(16377, 'Beth Thompson', 'admin1@gmail.com', '1324570281', 1, 'admin376', '1', 1),
(16378, 'Bryan Mills', 'admin1@gmail.com', '1324570285', 1, 'admin377', '1', 1),
(16379, 'Alan Barnes', 'admin1@gmail.com', '1324570289', 1, 'admin378', '1', 1),
(16380, 'Alan Barnes', 'admin1@gmail.com', '1324570293', 1, 'admin379', '1', 1),
(16381, 'Beth Paige', 'admin1@gmail.com', '1324570297', 1, 'admin380', '1', 1),
(16382, 'Mike Pelletier', 'admin1@gmail.com', '1324570301', 1, 'admin381', '1', 1),
(16383, 'Delfina Latchford', 'admin1@gmail.com', '1324570305', 1, 'admin382', '1', 1),
(16384, 'Susan Vittorini', 'admin1@gmail.com', '1324570309', 1, 'admin383', '1', 1),
(16385, 'Dorothy Wardle', 'admin1@gmail.com', '1324570313', 1, 'admin384', '1', 1),
(16386, 'Dorothy Wardle', 'admin1@gmail.com', '1324570317', 1, 'admin385', '1', 1),
(16387, 'Dorothy Wardle', 'admin1@gmail.com', '1324570321', 1, 'admin386', '1', 1),
(16388, 'Susan Vittorini', 'admin1@gmail.com', '1324570325', 1, 'admin387', '1', 1),
(16389, 'Jamie Kunitz', 'admin1@gmail.com', '1324570329', 1, 'admin388', '1', 1),
(16390, 'Fred Wasserman', 'admin1@gmail.com', '1324570333', 1, 'admin389', '1', 1),
(16391, 'Doug Bickford', 'admin1@gmail.com', '1324570337', 1, 'admin390', '1', 1),
(16392, 'Fred Wasserman', 'admin1@gmail.com', '1324570341', 1, 'admin391', '1', 1),
(16393, 'Susan Vittorini', 'admin1@gmail.com', '1324570345', 1, 'admin392', '1', 1),
(16394, 'Doug Bickford', 'admin1@gmail.com', '1324570349', 1, 'admin393', '1', 1),
(16395, 'Claudia Miner', 'admin1@gmail.com', '1324570353', 1, 'admin394', '1', 1),
(16396, 'Claudia Miner', 'admin1@gmail.com', '1324570357', 1, 'admin395', '1', 1),
(16397, 'Frank Price', 'admin1@gmail.com', '1324570361', 1, 'admin396', '1', 1),
(16398, 'Frank Price', 'admin1@gmail.com', '1324570365', 1, 'admin397', '1', 1),
(16399, 'Dorothy Wardle', 'admin1@gmail.com', '1324570369', 1, 'admin398', '1', 1),
(16400, 'Dorothy Wardle', 'admin1@gmail.com', '1324570373', 1, 'admin399', '1', 1),
(16401, 'Dorothy Wardle', 'admin1@gmail.com', '1324570377', 1, 'admin400', '1', 1),
(16402, 'Allen Rosenblatt', 'admin1@gmail.com', '1324570381', 1, 'admin401', '1', 1),
(16403, 'Dorothy Wardle', 'admin1@gmail.com', '1324570385', 1, 'admin402', '1', 1),
(16404, 'Julia West', 'admin1@gmail.com', '1324570389', 1, 'admin403', '1', 1),
(16405, 'Ralph Knight', 'admin1@gmail.com', '1324570393', 1, 'admin404', '1', 1),
(16406, 'Michelle Lonsdale', 'admin1@gmail.com', '1324570397', 1, 'admin405', '1', 1),
(16407, 'Charlotte Melton', 'admin1@gmail.com', '1324570401', 1, 'admin406', '1', 1),
(16408, 'Charlotte Melton', 'admin1@gmail.com', '1324570405', 1, 'admin407', '1', 1),
(16409, 'Allen Rosenblatt', 'admin1@gmail.com', '1324570409', 1, 'admin408', '1', 1),
(16410, 'Neola Schneider', 'admin1@gmail.com', '1324570413', 1, 'admin409', '1', 1),
(16411, 'Neola Schneider', 'admin1@gmail.com', '1324570417', 1, 'admin410', '1', 1),
(16412, 'Joy Bell', 'admin1@gmail.com', '1324570421', 1, 'admin411', '1', 1),
(16413, 'Monica Federle', 'admin1@gmail.com', '1324570425', 1, 'admin412', '1', 1),
(16414, 'Jamie Kunitz', 'admin1@gmail.com', '1324570429', 1, 'admin413', '1', 1),
(16415, 'Susan Vittorini', 'admin1@gmail.com', '1324570433', 1, 'admin414', '1', 1),
(16416, 'Susan Vittorini', 'admin1@gmail.com', '1324570437', 1, 'admin415', '1', 1),
(16417, 'Susan Vittorini', 'admin1@gmail.com', '1324570441', 1, 'admin416', '1', 1),
(16418, 'Charles McCrossin', 'admin1@gmail.com', '1324570445', 1, 'admin417', '1', 1),
(16419, 'Cari Schnelling', 'admin1@gmail.com', '1324570449', 1, 'admin418', '1', 1),
(16420, 'Doug Bickford', 'admin1@gmail.com', '1324570453', 1, 'admin419', '1', 1),
(16421, 'Don Miller', 'admin1@gmail.com', '1324570457', 1, 'admin420', '1', 1),
(16422, 'Don Miller', 'admin1@gmail.com', '1324570461', 1, 'admin421', '1', 1),
(16423, 'Fred Wasserman', 'admin1@gmail.com', '1324570465', 1, 'admin422', '1', 1),
(16424, 'Bryan Mills', 'admin1@gmail.com', '1324570469', 1, 'admin423', '1', 1),
(16425, 'Carlos Daly', 'admin1@gmail.com', '1324570473', 1, 'admin424', '1', 1),
(16426, 'Joy Bell', 'admin1@gmail.com', '1324570477', 1, 'admin425', '1', 1),
(16427, 'Claudia Miner', 'admin1@gmail.com', '1324570481', 1, 'admin426', '1', 1),
(16428, 'Claudia Miner', 'admin1@gmail.com', '1324570485', 1, 'admin427', '1', 1),
(16429, 'Beth Thompson', 'admin1@gmail.com', '1324570489', 1, 'admin428', '1', 1),
(16430, 'Allen Rosenblatt', 'admin1@gmail.com', '1324570493', 1, 'admin429', '1', 1),
(16431, 'Beth Thompson', 'admin1@gmail.com', '1324570497', 1, 'admin430', '1', 1),
(16432, 'Beth Thompson', 'admin1@gmail.com', '1324570501', 1, 'admin431', '1', 1),
(16433, 'Susan Vittorini', 'admin1@gmail.com', '1324570505', 1, 'admin432', '1', 1),
(16434, 'Sylvia Foulston', 'admin1@gmail.com', '1324570509', 1, 'admin433', '1', 1),
(16435, 'Joy Bell', 'admin1@gmail.com', '1324570513', 1, 'admin434', '1', 1),
(16436, 'Becky Castell', 'admin1@gmail.com', '1324570517', 1, 'admin435', '1', 1),
(16437, 'Carlos Daly', 'admin1@gmail.com', '1324570521', 1, 'admin436', '1', 1),
(16438, 'Cari Schnelling', 'admin1@gmail.com', '1324570525', 1, 'admin437', '1', 1),
(16439, 'Jim Radford', 'admin1@gmail.com', '1324570529', 1, 'admin438', '1', 1),
(16440, 'Allen Rosenblatt', 'admin1@gmail.com', '1324570533', 1, 'admin439', '1', 1),
(16441, 'Dorothy Badders', 'admin1@gmail.com', '1324570537', 1, 'admin440', '1', 1),
(16442, 'Dorothy Badders', 'admin1@gmail.com', '1324570541', 1, 'admin441', '1', 1),
(16443, 'Mike Pelletier', 'admin1@gmail.com', '1324570545', 1, 'admin442', '1', 1),
(16444, 'Mike Pelletier', 'admin1@gmail.com', '1324570549', 1, 'admin443', '1', 1),
(16445, 'Doug Bickford', 'admin1@gmail.com', '1324570553', 1, 'admin444', '1', 1),
(16446, 'Doug Bickford', 'admin1@gmail.com', '1324570557', 1, 'admin445', '1', 1),
(16447, 'Susan Vittorini', 'admin1@gmail.com', '1324570561', 1, 'admin446', '1', 1),
(16448, 'Andrew Gjertsen', 'admin1@gmail.com', '1324570565', 1, 'admin447', '1', 1),
(16449, 'Muhammed MacIntyre', 'admin1@gmail.com', '1324570569', 1, 'admin448', '1', 1),
(16450, 'Muhammed MacIntyre', 'admin1@gmail.com', '1324570573', 1, 'admin449', '1', 1),
(16451, 'Muhammed MacIntyre', 'admin1@gmail.com', '1324570577', 1, 'admin450', '1', 1),
(16452, 'Muhammed MacIntyre', 'admin1@gmail.com', '1324570581', 1, 'admin451', '1', 1),
(16453, 'Jim Radford', 'admin1@gmail.com', '1324570585', 1, 'admin452', '1', 1),
(16454, 'Bryan Davis', 'admin1@gmail.com', '1324570589', 1, 'admin453', '1', 1),
(16455, 'Anthony Johnson', 'admin1@gmail.com', '1324570593', 1, 'admin454', '1', 1),
(16456, 'Anthony Johnson', 'admin1@gmail.com', '1324570597', 1, 'admin455', '1', 1),
(16457, 'Doug Bickford', 'admin1@gmail.com', '1324570601', 1, 'admin456', '1', 1),
(16458, 'Carlos Daly', 'admin1@gmail.com', '1324570605', 1, 'admin457', '1', 1),
(16459, 'Don Miller', 'admin1@gmail.com', '1324570609', 1, 'admin458', '1', 1),
(16460, 'Don Jones', 'admin1@gmail.com', '1324570613', 1, 'admin459', '1', 1),
(16461, 'Chad Cunningham', 'admin1@gmail.com', '1324570617', 1, 'admin460', '1', 1),
(16462, 'Ralph Arnett', 'admin1@gmail.com', '1324570621', 1, 'admin461', '1', 1),
(16463, 'Ralph Arnett', 'admin1@gmail.com', '1324570625', 1, 'admin462', '1', 1),
(16464, 'Nicole Hansen', 'admin1@gmail.com', '1324570629', 1, 'admin463', '1', 1),
(16465, 'Fred Wasserman', 'admin1@gmail.com', '1324570633', 1, 'admin464', '1', 1),
(16466, 'Bryan Mills', 'admin1@gmail.com', '1324570637', 1, 'admin465', '1', 1),
(16467, 'Ralph Arnett', 'admin1@gmail.com', '1324570641', 1, 'admin466', '1', 1),
(16468, 'Doug Bickford', 'admin1@gmail.com', '1324570645', 1, 'admin467', '1', 1),
(16469, 'Eugene Barchas', 'admin1@gmail.com', '1324570649', 1, 'admin468', '1', 1),
(16470, 'Brad Eason', 'admin1@gmail.com', '1324570653', 1, 'admin469', '1', 1),
(16471, 'Brad Eason', 'admin1@gmail.com', '1324570657', 1, 'admin470', '1', 1),
(16472, 'Dorothy Wardle', 'admin1@gmail.com', '1324570661', 1, 'admin471', '1', 1),
(16473, 'Ralph Knight', 'admin1@gmail.com', '1324570665', 1, 'admin472', '1', 1),
(16474, 'Sylvia Foulston', 'admin1@gmail.com', '1324570669', 1, 'admin473', '1', 1),
(16475, 'Neola Schneider', 'admin1@gmail.com', '1324570673', 1, 'admin474', '1', 1),
(16476, 'Neola Schneider', 'admin1@gmail.com', '1324570677', 1, 'admin475', '1', 1),
(16477, 'Grant Carroll', 'admin1@gmail.com', '1324570681', 1, 'admin476', '1', 1),
(16478, 'Grant Carroll', 'admin1@gmail.com', '1324570685', 1, 'admin477', '1', 1),
(16479, 'Grant Carroll', 'admin1@gmail.com', '1324570689', 1, 'admin478', '1', 1),
(16480, 'Julia West', 'admin1@gmail.com', '1324570693', 1, 'admin479', '1', 1),
(16481, 'Muhammed MacIntyre', 'admin1@gmail.com', '1324570697', 1, 'admin480', '1', 1),
(16482, 'Susan Vittorini', 'admin1@gmail.com', '1324570701', 1, 'admin481', '1', 1),
(16483, 'Sylvia Foulston', 'admin1@gmail.com', '1324570705', 1, 'admin482', '1', 1),
(16484, 'Doug Bickford', 'admin1@gmail.com', '1324570709', 1, 'admin483', '1', 1),
(16485, 'Doug Bickford', 'admin1@gmail.com', '1324570713', 1, 'admin484', '1', 1),
(16486, 'Doug Bickford', 'admin1@gmail.com', '1324570717', 1, 'admin485', '1', 1),
(16487, 'Dorothy Badders', 'admin1@gmail.com', '1324570721', 1, 'admin486', '1', 1),
(16488, 'Henry Goldwyn', 'admin1@gmail.com', '1324570725', 1, 'admin487', '1', 1),
(16489, 'Henry Goldwyn', 'admin1@gmail.com', '1324570729', 1, 'admin488', '1', 1),
(16490, 'Henry Goldwyn', 'admin1@gmail.com', '1324570733', 1, 'admin489', '1', 1),
(16491, 'Grant Carroll', 'admin1@gmail.com', '1324570737', 1, 'admin490', '1', 1),
(16492, 'Chad Cunningham', 'admin1@gmail.com', '1324570741', 1, 'admin491', '1', 1),
(16493, 'Beth Thompson', 'admin1@gmail.com', '1324570745', 1, 'admin492', '1', 1),
(16494, 'Beth Thompson', 'admin1@gmail.com', '1324570749', 1, 'admin493', '1', 1),
(16495, 'Andrew Gjertsen', 'admin1@gmail.com', '1324570753', 1, 'admin494', '1', 1),
(16496, 'Andrew Gjertsen', 'admin1@gmail.com', '1324570757', 1, 'admin495', '1', 1),
(16497, 'Sylvia Foulston', 'admin1@gmail.com', '1324570761', 1, 'admin496', '1', 1),
(16498, 'Michelle Lonsdale', 'admin1@gmail.com', '1324570765', 1, 'admin497', '1', 1),
(16499, 'Michelle Lonsdale', 'admin1@gmail.com', '1324570769', 1, 'admin498', '1', 1),
(16500, 'Cari Schnelling', 'admin1@gmail.com', '1324570773', 1, 'admin499', '1', 1),
(16501, 'Henry Goldwyn', 'admin1@gmail.com', '1324570777', 1, 'admin500', '1', 1),
(16502, 'Edward Hooks', 'admin1@gmail.com', '1324570781', 1, 'admin501', '1', 1),
(16503, 'Brendan Dodson', 'admin1@gmail.com', '1324570785', 1, 'admin502', '1', 1),
(16504, 'Brendan Dodson', 'admin1@gmail.com', '1324570789', 1, 'admin503', '1', 1),
(16505, 'Harold Engle', 'admin1@gmail.com', '1324570793', 1, 'admin504', '1', 1),
(16506, 'Roy French', 'admin1@gmail.com', '1324570797', 1, 'admin505', '1', 1),
(16507, 'Helen Abelman', 'admin1@gmail.com', '1324570801', 1, 'admin506', '1', 1),
(16508, 'Guy Armstrong', 'admin1@gmail.com', '1324570805', 1, 'admin507', '1', 1),
(16509, 'Jennifer Braxton', 'admin1@gmail.com', '1324570809', 1, 'admin508', '1', 1),
(16510, 'Giulietta Baptist', 'admin1@gmail.com', '1324570813', 1, 'admin509', '1', 1),
(16511, 'Jack Lebron', 'admin1@gmail.com', '1324570817', 1, 'admin510', '1', 1),
(16512, 'Jack Lebron', 'admin1@gmail.com', '1324570821', 1, 'admin511', '1', 1),
(16513, 'Erica Bern', 'admin1@gmail.com', '1324570825', 1, 'admin512', '1', 1),
(16514, 'Erica Bern', 'admin1@gmail.com', '1324570829', 1, 'admin513', '1', 1),
(16515, 'Helen Abelman', 'admin1@gmail.com', '1324570833', 1, 'admin514', '1', 1),
(16516, 'Guy Armstrong', 'admin1@gmail.com', '1324570837', 1, 'admin515', '1', 1),
(16517, 'Helen Abelman', 'admin1@gmail.com', '1324570841', 1, 'admin516', '1', 1),
(16518, 'Christopher Schild', 'admin1@gmail.com', '1324570845', 1, 'admin517', '1', 1),
(16519, 'Roy French', 'admin1@gmail.com', '1324570849', 1, 'admin518', '1', 1),
(16520, 'Roy French', 'admin1@gmail.com', '1324570853', 1, 'admin519', '1', 1),
(16521, 'Jennifer Braxton', 'admin1@gmail.com', '1324570857', 1, 'admin520', '1', 1),
(16522, 'Jennifer Braxton', 'admin1@gmail.com', '1324570861', 1, 'admin521', '1', 1),
(16523, 'Joy Smith', 'admin1@gmail.com', '1324570865', 1, 'admin522', '1', 1),
(16524, 'Evan Minnotte', 'admin1@gmail.com', '1324570869', 1, 'admin523', '1', 1),
(16525, 'Evan Minnotte', 'admin1@gmail.com', '1324570873', 1, 'admin524', '1', 1),
(16526, 'Jenna Caffey', 'admin1@gmail.com', '1324570877', 1, 'admin525', '1', 1),
(16527, 'Harold Engle', 'admin1@gmail.com', '1324570881', 1, 'admin526', '1', 1),
(16528, 'Harold Engle', 'admin1@gmail.com', '1324570885', 1, 'admin527', '1', 1),
(16529, 'Harold Engle', 'admin1@gmail.com', '1324570889', 1, 'admin528', '1', 1),
(16530, 'Harold Engle', 'admin1@gmail.com', '1324570893', 1, 'admin529', '1', 1),
(16531, 'Harold Engle', 'admin1@gmail.com', '1324570897', 1, 'admin530', '1', 1),
(16532, 'Hilary Holden', 'admin1@gmail.com', '1324570901', 1, 'admin531', '1', 1),
(16533, 'Hilary Holden', 'admin1@gmail.com', '1324570905', 1, 'admin532', '1', 1),
(16534, 'Hilary Holden', 'admin1@gmail.com', '1324570909', 1, 'admin533', '1', 1),
(16535, 'Hilary Holden', 'admin1@gmail.com', '1324570913', 1, 'admin534', '1', 1),
(16536, 'Christopher Schild', 'admin1@gmail.com', '1324570917', 1, 'admin535', '1', 1),
(16537, 'Harold Engle', 'admin1@gmail.com', '1324570921', 1, 'admin536', '1', 1),
(16538, 'Greg Guthrie', 'admin1@gmail.com', '1324570925', 1, 'admin537', '1', 1),
(16539, 'Greg Guthrie', 'admin1@gmail.com', '1324570929', 1, 'admin538', '1', 1),
(16540, 'Greg Guthrie', 'admin1@gmail.com', '1324570933', 1, 'admin539', '1', 1),
(16541, 'Greg Guthrie', 'admin1@gmail.com', '1324570937', 1, 'admin540', '1', 1),
(16542, 'Guy Armstrong', 'admin1@gmail.com', '1324570941', 1, 'admin541', '1', 1),
(16543, 'Guy Armstrong', 'admin1@gmail.com', '1324570945', 1, 'admin542', '1', 1),
(16544, 'Joy Smith', 'admin1@gmail.com', '1324570949', 1, 'admin543', '1', 1),
(16545, 'Joy Smith', 'admin1@gmail.com', '1324570953', 1, 'admin544', '1', 1),
(16546, 'Erica Bern', 'admin1@gmail.com', '1324570957', 1, 'admin545', '1', 1),
(16547, 'Erica Bern', 'admin1@gmail.com', '1324570961', 1, 'admin546', '1', 1),
(16548, 'Dan Reichenbach', 'admin1@gmail.com', '1324570965', 1, 'admin547', '1', 1),
(16549, 'Erica Bern', 'admin1@gmail.com', '1324570969', 1, 'admin548', '1', 1),
(16550, 'Guy Armstrong', 'admin1@gmail.com', '1324570973', 1, 'admin549', '1', 1),
(16551, 'Guy Armstrong', 'admin1@gmail.com', '1324570977', 1, 'admin550', '1', 1),
(16552, 'Evan Minnotte', 'admin1@gmail.com', '1324570981', 1, 'admin551', '1', 1),
(16553, 'Joy Smith', 'admin1@gmail.com', '1324570985', 1, 'admin552', '1', 1),
(16554, 'Joy Smith', 'admin1@gmail.com', '1324570989', 1, 'admin553', '1', 1),
(16555, 'Joy Smith', 'admin1@gmail.com', '1324570993', 1, 'admin554', '1', 1),
(16556, 'Paul Gonzalez', 'admin1@gmail.com', '1324570997', 1, 'admin555', '1', 1),
(16557, 'Filia McAdams', 'admin1@gmail.com', '1324571001', 1, 'admin556', '1', 1),
(16558, 'Joy Smith', 'admin1@gmail.com', '1324571005', 1, 'admin557', '1', 1),
(16559, 'Greg Guthrie', 'admin1@gmail.com', '1324571009', 1, 'admin558', '1', 1),
(16560, 'Greg Guthrie', 'admin1@gmail.com', '1324571013', 1, 'admin559', '1', 1),
(16561, 'Joy Smith', 'admin1@gmail.com', '1324571017', 1, 'admin560', '1', 1),
(16562, 'Joy Smith', 'admin1@gmail.com', '1324571021', 1, 'admin561', '1', 1),
(16563, 'Greg Guthrie', 'admin1@gmail.com', '1324571025', 1, 'admin562', '1', 1),
(16564, 'Greg Guthrie', 'admin1@gmail.com', '1324571029', 1, 'admin563', '1', 1),
(16565, 'Jack Lebron', 'admin1@gmail.com', '1324571033', 1, 'admin564', '1', 1),
(16566, 'Joy Smith', 'admin1@gmail.com', '1324571037', 1, 'admin565', '1', 1),
(16567, 'Evan Minnotte', 'admin1@gmail.com', '1324571041', 1, 'admin566', '1', 1),
(16568, 'Chuck Magee', 'admin1@gmail.com', '1324571045', 1, 'admin567', '1', 1),
(16569, 'Chuck Magee', 'admin1@gmail.com', '1324571049', 1, 'admin568', '1', 1),
(16570, 'Filia McAdams', 'admin1@gmail.com', '1324571053', 1, 'admin569', '1', 1),
(16571, 'Jack Lebron', 'admin1@gmail.com', '1324571057', 1, 'admin570', '1', 1),
(16572, 'Jack Lebron', 'admin1@gmail.com', '1324571061', 1, 'admin571', '1', 1),
(16573, 'Jack Lebron', 'admin1@gmail.com', '1324571065', 1, 'admin572', '1', 1),
(16574, 'Harold Engle', 'admin1@gmail.com', '1324571069', 1, 'admin573', '1', 1),
(16575, 'Harold Engle', 'admin1@gmail.com', '1324571073', 1, 'admin574', '1', 1),
(16576, 'Jack Lebron', 'admin1@gmail.com', '1324571077', 1, 'admin575', '1', 1),
(16577, 'Jack Lebron', 'admin1@gmail.com', '1324571081', 1, 'admin576', '1', 1),
(16578, 'Frank Atkinson', 'admin1@gmail.com', '1324571085', 1, 'admin577', '1', 1),
(16579, 'Frank Atkinson', 'admin1@gmail.com', '1324571089', 1, 'admin578', '1', 1),
(16580, 'Jack Lebron', 'admin1@gmail.com', '1324571093', 1, 'admin579', '1', 1),
(16581, 'Jack Lebron', 'admin1@gmail.com', '1324571097', 1, 'admin580', '1', 1),
(16582, 'Evan Minnotte', 'admin1@gmail.com', '1324571101', 1, 'admin581', '1', 1),
(16583, 'Joy Smith', 'admin1@gmail.com', '1324571105', 1, 'admin582', '1', 1),
(16584, 'Dan Reichenbach', 'admin1@gmail.com', '1324571109', 1, 'admin583', '1', 1),
(16585, 'Jack Lebron', 'admin1@gmail.com', '1324571113', 1, 'admin584', '1', 1),
(16586, 'Frank Atkinson', 'admin1@gmail.com', '1324571117', 1, 'admin585', '1', 1),
(16587, 'Frank Atkinson', 'admin1@gmail.com', '1324571121', 1, 'admin586', '1', 1),
(16588, 'Erica Bern', 'admin1@gmail.com', '1324571125', 1, 'admin587', '1', 1),
(16589, 'Jack Lebron', 'admin1@gmail.com', '1324571129', 1, 'admin588', '1', 1),
(16590, 'Filia McAdams', 'admin1@gmail.com', '1324571133', 1, 'admin589', '1', 1),
(16591, 'Jack Lebron', 'admin1@gmail.com', '1324571137', 1, 'admin590', '1', 1),
(16592, 'Jack Lebron', 'admin1@gmail.com', '1324571141', 1, 'admin591', '1', 1),
(16593, 'Giulietta Baptist', 'admin1@gmail.com', '1324571145', 1, 'admin592', '1', 1),
(16594, 'Joy Smith', 'admin1@gmail.com', '1324571149', 1, 'admin593', '1', 1),
(16595, 'Joy Smith', 'admin1@gmail.com', '1324571153', 1, 'admin594', '1', 1),
(16596, 'Joy Smith', 'admin1@gmail.com', '1324571157', 1, 'admin595', '1', 1),
(16597, 'Greg Guthrie', 'admin1@gmail.com', '1324571161', 1, 'admin596', '1', 1),
(16598, 'Carlos Soltero', 'admin1@gmail.com', '1324571165', 1, 'admin597', '1', 1),
(16599, 'Carlos Soltero', 'admin1@gmail.com', '1324571169', 1, 'admin598', '1', 1),
(16600, 'Harold Engle', 'admin1@gmail.com', '1324571173', 1, 'admin599', '1', 1),
(16601, 'Erica Bern', 'admin1@gmail.com', '1324571177', 1, 'admin600', '1', 1),
(16602, 'Erica Bern', 'admin1@gmail.com', '1324571181', 1, 'admin601', '1', 1),
(16603, 'Hilary Holden', 'admin1@gmail.com', '1324571185', 1, 'admin602', '1', 1),
(16604, 'Hilary Holden', 'admin1@gmail.com', '1324571189', 1, 'admin603', '1', 1),
(16605, 'Jack Lebron', 'admin1@gmail.com', '1324571193', 1, 'admin604', '1', 1),
(16606, 'Filia McAdams', 'admin1@gmail.com', '1324571197', 1, 'admin605', '1', 1),
(16607, 'Filia McAdams', 'admin1@gmail.com', '1324571201', 1, 'admin606', '1', 1),
(16608, 'Greg Guthrie', 'admin1@gmail.com', '1324571205', 1, 'admin607', '1', 1),
(16609, 'Greg Guthrie', 'admin1@gmail.com', '1324571209', 1, 'admin608', '1', 1),
(16610, 'Harold Engle', 'admin1@gmail.com', '1324571213', 1, 'admin609', '1', 1),
(16611, 'Philip Brown', 'admin1@gmail.com', '1324571217', 1, 'admin610', '1', 1),
(16612, 'Helen Abelman', 'admin1@gmail.com', '1324571221', 1, 'admin611', '1', 1),
(16613, 'Hilary Holden', 'admin1@gmail.com', '1324571225', 1, 'admin612', '1', 1),
(16614, 'Hilary Holden', 'admin1@gmail.com', '1324571229', 1, 'admin613', '1', 1),
(16615, 'Christopher Schild', 'admin1@gmail.com', '1324571233', 1, 'admin614', '1', 1),
(16616, 'Carlos Soltero', 'admin1@gmail.com', '1324571237', 1, 'admin615', '1', 1),
(16617, 'Carlos Soltero', 'admin1@gmail.com', '1324571241', 1, 'admin616', '1', 1),
(16618, 'Erica Bern', 'admin1@gmail.com', '1324571245', 1, 'admin617', '1', 1),
(16619, 'Erica Bern', 'admin1@gmail.com', '1324571249', 1, 'admin618', '1', 1),
(16620, 'Erica Bern', 'admin1@gmail.com', '1324571253', 1, 'admin619', '1', 1),
(16621, 'Erica Bern', 'admin1@gmail.com', '1324571257', 1, 'admin620', '1', 1),
(16622, 'Joy Smith', 'admin1@gmail.com', '1324571261', 1, 'admin621', '1', 1),
(16623, 'Joy Smith', 'admin1@gmail.com', '1324571265', 1, 'admin622', '1', 1);
INSERT INTO `users` (`id`, `name`, `email`, `phone`, `roll`, `login_id`, `password`, `active`) VALUES
(16624, 'Christopher Schild', 'admin1@gmail.com', '1324571269', 1, 'admin623', '1', 1),
(16625, 'Christopher Schild', 'admin1@gmail.com', '1324571273', 1, 'admin624', '1', 1),
(16626, 'Christopher Schild', 'admin1@gmail.com', '1324571277', 1, 'admin625', '1', 1),
(16627, 'Christopher Schild', 'admin1@gmail.com', '1324571281', 1, 'admin626', '1', 1),
(16628, 'Evan Minnotte', 'admin1@gmail.com', '1324571285', 1, 'admin627', '1', 1),
(16629, 'Christopher Schild', 'admin1@gmail.com', '1324571289', 1, 'admin628', '1', 1),
(16630, 'Greg Guthrie', 'admin1@gmail.com', '1324571293', 1, 'admin629', '1', 1),
(16631, 'Harold Engle', 'admin1@gmail.com', '1324571297', 1, 'admin630', '1', 1),
(16632, 'Philip Brown', 'admin1@gmail.com', '1324571301', 1, 'admin631', '1', 1),
(16633, 'Carlos Soltero', 'admin1@gmail.com', '1324571305', 1, 'admin632', '1', 1),
(16634, 'Jennifer Braxton', 'admin1@gmail.com', '1324571309', 1, 'admin633', '1', 1),
(16635, 'Dan Reichenbach', 'admin1@gmail.com', '1324571313', 1, 'admin634', '1', 1),
(16636, 'Dan Reichenbach', 'admin1@gmail.com', '1324571317', 1, 'admin635', '1', 1),
(16637, 'Dan Reichenbach', 'admin1@gmail.com', '1324571321', 1, 'admin636', '1', 1),
(16638, 'Carlos Soltero', 'admin1@gmail.com', '1324571325', 1, 'admin637', '1', 1),
(16639, 'Carlos Soltero', 'admin1@gmail.com', '1324571329', 1, 'admin638', '1', 1),
(16640, 'Carlos Soltero', 'admin1@gmail.com', '1324571333', 1, 'admin639', '1', 1),
(16641, 'Giulietta Baptist', 'admin1@gmail.com', '1324571337', 1, 'admin640', '1', 1),
(16642, 'Jack Lebron', 'admin1@gmail.com', '1324571341', 1, 'admin641', '1', 1),
(16643, 'Guy Armstrong', 'admin1@gmail.com', '1324571345', 1, 'admin642', '1', 1),
(16644, 'Hilary Holden', 'admin1@gmail.com', '1324571349', 1, 'admin643', '1', 1),
(16645, 'Jack Lebron', 'admin1@gmail.com', '1324571353', 1, 'admin644', '1', 1),
(16646, 'Erica Bern', 'admin1@gmail.com', '1324571357', 1, 'admin645', '1', 1),
(16647, 'Erica Bern', 'admin1@gmail.com', '1324571361', 1, 'admin646', '1', 1),
(16648, 'Harold Engle', 'admin1@gmail.com', '1324571365', 1, 'admin647', '1', 1),
(16649, 'Harold Engle', 'admin1@gmail.com', '1324571369', 1, 'admin648', '1', 1),
(16650, 'Jim Sink', 'admin1@gmail.com', '1324571373', 1, 'admin649', '1', 1),
(16651, 'Jennifer Braxton', 'admin1@gmail.com', '1324571377', 1, 'admin650', '1', 1),
(16652, 'Jennifer Braxton', 'admin1@gmail.com', '1324571381', 1, 'admin651', '1', 1),
(16653, 'Jennifer Braxton', 'admin1@gmail.com', '1324571385', 1, 'admin652', '1', 1),
(16654, 'Joy Smith', 'admin1@gmail.com', '1324571389', 1, 'admin653', '1', 1),
(16655, 'Joy Smith', 'admin1@gmail.com', '1324571393', 1, 'admin654', '1', 1),
(16656, 'Harold Engle', 'admin1@gmail.com', '1324571397', 1, 'admin655', '1', 1),
(16657, 'Philip Brown', 'admin1@gmail.com', '1324571401', 1, 'admin656', '1', 1),
(16658, 'Philip Brown', 'admin1@gmail.com', '1324571405', 1, 'admin657', '1', 1),
(16659, 'Philip Brown', 'admin1@gmail.com', '1324571409', 1, 'admin658', '1', 1),
(16660, 'Giulietta Baptist', 'admin1@gmail.com', '1324571413', 1, 'admin659', '1', 1),
(16661, 'Giulietta Baptist', 'admin1@gmail.com', '1324571417', 1, 'admin660', '1', 1),
(16662, 'Paul Gonzalez', 'admin1@gmail.com', '1324571421', 1, 'admin661', '1', 1),
(16663, 'Logan Haushalter', 'admin1@gmail.com', '1324571425', 1, 'admin662', '1', 1),
(16664, 'Logan Haushalter', 'admin1@gmail.com', '1324571429', 1, 'admin663', '1', 1),
(16665, 'Filia McAdams', 'admin1@gmail.com', '1324571433', 1, 'admin664', '1', 1),
(16666, 'Carlos Soltero', 'admin1@gmail.com', '1324571437', 1, 'admin665', '1', 1),
(16667, 'Carlos Soltero', 'admin1@gmail.com', '1324571441', 1, 'admin666', '1', 1),
(16668, 'Erica Bern', 'admin1@gmail.com', '1324571445', 1, 'admin667', '1', 1),
(16669, 'Erica Bern', 'admin1@gmail.com', '1324571449', 1, 'admin668', '1', 1),
(16670, 'Greg Guthrie', 'admin1@gmail.com', '1324571453', 1, 'admin669', '1', 1),
(16671, 'Dan Reichenbach', 'admin1@gmail.com', '1324571457', 1, 'admin670', '1', 1),
(16672, 'Jim Sink', 'admin1@gmail.com', '1324571461', 1, 'admin671', '1', 1),
(16673, 'Jim Sink', 'admin1@gmail.com', '1324571465', 1, 'admin672', '1', 1),
(16674, 'Carlos Soltero', 'admin1@gmail.com', '1324571469', 1, 'admin673', '1', 1),
(16675, 'Carlos Soltero', 'admin1@gmail.com', '1324571473', 1, 'admin674', '1', 1),
(16676, 'Carlos Soltero', 'admin1@gmail.com', '1324571477', 1, 'admin675', '1', 1),
(16677, 'Chuck Magee', 'admin1@gmail.com', '1324571481', 1, 'admin676', '1', 1),
(16678, 'Philip Brown', 'admin1@gmail.com', '1324571485', 1, 'admin677', '1', 1),
(16679, 'Hilary Holden', 'admin1@gmail.com', '1324571489', 1, 'admin678', '1', 1),
(16680, 'Hilary Holden', 'admin1@gmail.com', '1324571493', 1, 'admin679', '1', 1),
(16681, 'Hilary Holden', 'admin1@gmail.com', '1324571497', 1, 'admin680', '1', 1),
(16682, 'Hilary Holden', 'admin1@gmail.com', '1324571501', 1, 'admin681', '1', 1),
(16683, 'Greg Guthrie', 'admin1@gmail.com', '1324571505', 1, 'admin682', '1', 1),
(16684, 'Jennifer Braxton', 'admin1@gmail.com', '1324571509', 1, 'admin683', '1', 1),
(16685, 'Jennifer Braxton', 'admin1@gmail.com', '1324571513', 1, 'admin684', '1', 1),
(16686, 'Erica Bern', 'admin1@gmail.com', '1324571517', 1, 'admin685', '1', 1),
(16687, 'Jim Sink', 'admin1@gmail.com', '1324571521', 1, 'admin686', '1', 1),
(16688, 'Noah Childs', 'admin1@gmail.com', '1324571525', 1, 'admin687', '1', 1),
(16689, 'Noah Childs', 'admin1@gmail.com', '1324571529', 1, 'admin688', '1', 1),
(16690, 'Noah Childs', 'admin1@gmail.com', '1324571533', 1, 'admin689', '1', 1),
(16691, 'Evan Minnotte', 'admin1@gmail.com', '1324571537', 1, 'admin690', '1', 1),
(16692, 'Guy Armstrong', 'admin1@gmail.com', '1324571541', 1, 'admin691', '1', 1),
(16693, 'Guy Armstrong', 'admin1@gmail.com', '1324571545', 1, 'admin692', '1', 1),
(16694, 'Guy Armstrong', 'admin1@gmail.com', '1324571549', 1, 'admin693', '1', 1),
(16695, 'Chuck Magee', 'admin1@gmail.com', '1324571553', 1, 'admin694', '1', 1),
(16696, 'Greg Guthrie', 'admin1@gmail.com', '1324571557', 1, 'admin695', '1', 1),
(16697, 'Greg Guthrie', 'admin1@gmail.com', '1324571561', 1, 'admin696', '1', 1),
(16698, 'Carlos Soltero', 'admin1@gmail.com', '1324571565', 1, 'admin697', '1', 1),
(16699, 'Greg Guthrie', 'admin1@gmail.com', '1324571569', 1, 'admin698', '1', 1),
(16700, 'Greg Guthrie', 'admin1@gmail.com', '1324571573', 1, 'admin699', '1', 1),
(16701, 'Greg Guthrie', 'admin1@gmail.com', '1324571577', 1, 'admin700', '1', 1),
(16702, 'Carlos Soltero', 'admin1@gmail.com', '1324571581', 1, 'admin701', '1', 1),
(16703, 'Carlos Soltero', 'admin1@gmail.com', '1324571585', 1, 'admin702', '1', 1),
(16704, 'Greg Guthrie', 'admin1@gmail.com', '1324571589', 1, 'admin703', '1', 1),
(16705, 'Greg Guthrie', 'admin1@gmail.com', '1324571593', 1, 'admin704', '1', 1),
(16706, 'Christopher Schild', 'admin1@gmail.com', '1324571597', 1, 'admin705', '1', 1),
(16707, 'Joy Smith', 'admin1@gmail.com', '1324571601', 1, 'admin706', '1', 1),
(16708, 'Joy Smith', 'admin1@gmail.com', '1324571605', 1, 'admin707', '1', 1),
(16709, 'Joy Smith', 'admin1@gmail.com', '1324571609', 1, 'admin708', '1', 1),
(16710, 'Joy Smith', 'admin1@gmail.com', '1324571613', 1, 'admin709', '1', 1),
(16711, 'Joy Smith', 'admin1@gmail.com', '1324571617', 1, 'admin710', '1', 1),
(16712, 'Joy Smith', 'admin1@gmail.com', '1324571621', 1, 'admin711', '1', 1),
(16713, 'Joy Smith', 'admin1@gmail.com', '1324571625', 1, 'admin712', '1', 1),
(16714, 'Guy Armstrong', 'admin1@gmail.com', '1324571629', 1, 'admin713', '1', 1),
(16715, 'Brian Moss', 'admin1@gmail.com', '1324571633', 1, 'admin714', '1', 1),
(16716, 'Brian Moss', 'admin1@gmail.com', '1324571637', 1, 'admin715', '1', 1),
(16717, 'Logan Haushalter', 'admin1@gmail.com', '1324571641', 1, 'admin716', '1', 1),
(16718, 'Guy Armstrong', 'admin1@gmail.com', '1324571645', 1, 'admin717', '1', 1),
(16719, 'Guy Armstrong', 'admin1@gmail.com', '1324571649', 1, 'admin718', '1', 1),
(16720, 'Guy Armstrong', 'admin1@gmail.com', '1324571653', 1, 'admin719', '1', 1),
(16721, 'Christopher Schild', 'admin1@gmail.com', '1324571657', 1, 'admin720', '1', 1),
(16722, 'Jim Sink', 'admin1@gmail.com', '1324571661', 1, 'admin721', '1', 1),
(16723, 'Carlos Soltero', 'admin1@gmail.com', '1324571665', 1, 'admin722', '1', 1),
(16724, 'Jennifer Braxton', 'admin1@gmail.com', '1324571669', 1, 'admin723', '1', 1),
(16725, 'Brian Moss', 'admin1@gmail.com', '1324571673', 1, 'admin724', '1', 1),
(16726, 'Harold Engle', 'admin1@gmail.com', '1324571677', 1, 'admin725', '1', 1),
(16727, 'Harold Engle', 'admin1@gmail.com', '1324571681', 1, 'admin726', '1', 1),
(16728, 'Carlos Soltero', 'admin1@gmail.com', '1324571685', 1, 'admin727', '1', 1),
(16729, 'Hilary Holden', 'admin1@gmail.com', '1324571689', 1, 'admin728', '1', 1),
(16730, 'Hilary Holden', 'admin1@gmail.com', '1324571693', 1, 'admin729', '1', 1),
(16731, 'Logan Haushalter', 'admin1@gmail.com', '1324571697', 1, 'admin730', '1', 1),
(16732, 'Guy Armstrong', 'admin1@gmail.com', '1324571701', 1, 'admin731', '1', 1),
(16733, 'Erica Bern', 'admin1@gmail.com', '1324571705', 1, 'admin732', '1', 1),
(16734, 'Logan Haushalter', 'admin1@gmail.com', '1324571709', 1, 'admin733', '1', 1),
(16735, 'Logan Haushalter', 'admin1@gmail.com', '1324571713', 1, 'admin734', '1', 1),
(16736, 'Harold Engle', 'admin1@gmail.com', '1324571717', 1, 'admin735', '1', 1),
(16737, 'Christopher Schild', 'admin1@gmail.com', '1324571721', 1, 'admin736', '1', 1),
(16738, 'Helen Abelman', 'admin1@gmail.com', '1324571725', 1, 'admin737', '1', 1),
(16739, 'Helen Abelman', 'admin1@gmail.com', '1324571729', 1, 'admin738', '1', 1),
(16740, 'Jack Lebron', 'admin1@gmail.com', '1324571733', 1, 'admin739', '1', 1),
(16741, 'Jack Lebron', 'admin1@gmail.com', '1324571737', 1, 'admin740', '1', 1),
(16742, 'Jack Lebron', 'admin1@gmail.com', '1324571741', 1, 'admin741', '1', 1),
(16743, 'Giulietta Baptist', 'admin1@gmail.com', '1324571745', 1, 'admin742', '1', 1),
(16744, 'Giulietta Baptist', 'admin1@gmail.com', '1324571749', 1, 'admin743', '1', 1),
(16745, 'Jim Sink', 'admin1@gmail.com', '1324571753', 1, 'admin744', '1', 1),
(16746, 'Julie Creighton', 'admin1@gmail.com', '1324571757', 1, 'admin745', '1', 1),
(16747, 'Julie Creighton', 'admin1@gmail.com', '1324571761', 1, 'admin746', '1', 1),
(16748, 'Sanjit Chand', 'admin1@gmail.com', '1324571765', 1, 'admin747', '1', 1),
(16749, 'Matt Collins', 'admin1@gmail.com', '1324571769', 1, 'admin748', '1', 1),
(16750, 'Matt Collins', 'admin1@gmail.com', '1324571773', 1, 'admin749', '1', 1),
(16751, 'Matt Collins', 'admin1@gmail.com', '1324571777', 1, 'admin750', '1', 1),
(16752, 'Matt Collins', 'admin1@gmail.com', '1324571781', 1, 'admin751', '1', 1),
(16753, 'Justin Knight', 'admin1@gmail.com', '1324571785', 1, 'admin752', '1', 1),
(16754, 'Rob Haberlin', 'admin1@gmail.com', '1324571789', 1, 'admin753', '1', 1),
(16755, 'Rob Haberlin', 'admin1@gmail.com', '1324571793', 1, 'admin754', '1', 1),
(16756, 'Rob Haberlin', 'admin1@gmail.com', '1324571797', 1, 'admin755', '1', 1),
(16757, 'Rob Haberlin', 'admin1@gmail.com', '1324571801', 1, 'admin756', '1', 1),
(16758, 'Rob Haberlin', 'admin1@gmail.com', '1324571805', 1, 'admin757', '1', 1),
(16759, 'Christina Vanderzanden', 'admin1@gmail.com', '1324571809', 1, 'admin758', '1', 1),
(16760, 'Christina Vanderzanden', 'admin1@gmail.com', '1324571813', 1, 'admin759', '1', 1),
(16761, 'Matt Collins', 'admin1@gmail.com', '1324571817', 1, 'admin760', '1', 1),
(16762, 'Matt Collins', 'admin1@gmail.com', '1324571821', 1, 'admin761', '1', 1),
(16763, 'Sanjit Chand', 'admin1@gmail.com', '1324571825', 1, 'admin762', '1', 1),
(16764, 'Matt Collins', 'admin1@gmail.com', '1324571829', 1, 'admin763', '1', 1),
(16765, 'Justin Knight', 'admin1@gmail.com', '1324571833', 1, 'admin764', '1', 1),
(16766, 'Justin Knight', 'admin1@gmail.com', '1324571837', 1, 'admin765', '1', 1),
(16767, 'Rob Haberlin', 'admin1@gmail.com', '1324571841', 1, 'admin766', '1', 1),
(16768, 'Lena Cacioppo', 'admin1@gmail.com', '1324571845', 1, 'admin767', '1', 1),
(16769, 'Lena Cacioppo', 'admin1@gmail.com', '1324571849', 1, 'admin768', '1', 1),
(16770, 'Kimberly Carter', 'admin1@gmail.com', '1324571853', 1, 'admin769', '1', 1),
(16771, 'Gene Hale', 'admin1@gmail.com', '1324571857', 1, 'admin770', '1', 1),
(16772, 'Christina Vanderzanden', 'admin1@gmail.com', '1324571861', 1, 'admin771', '1', 1),
(16773, 'Matt Collins', 'admin1@gmail.com', '1324571865', 1, 'admin772', '1', 1),
(16774, 'Sally Knutson', 'admin1@gmail.com', '1324571869', 1, 'admin773', '1', 1),
(16775, 'Kimberly Carter', 'admin1@gmail.com', '1324571873', 1, 'admin774', '1', 1),
(16776, 'Christina Vanderzanden', 'admin1@gmail.com', '1324571877', 1, 'admin775', '1', 1),
(16777, 'Christina Vanderzanden', 'admin1@gmail.com', '1324571881', 1, 'admin776', '1', 1),
(16778, 'Kimberly Carter', 'admin1@gmail.com', '1324571885', 1, 'admin777', '1', 1),
(16779, 'Kimberly Carter', 'admin1@gmail.com', '1324571889', 1, 'admin778', '1', 1),
(16780, 'Rob Haberlin', 'admin1@gmail.com', '1324571893', 1, 'admin779', '1', 1),
(16781, 'Rob Haberlin', 'admin1@gmail.com', '1324571897', 1, 'admin780', '1', 1),
(16782, 'Rob Haberlin', 'admin1@gmail.com', '1324571901', 1, 'admin781', '1', 1),
(16783, 'Justin Knight', 'admin1@gmail.com', '1324571905', 1, 'admin782', '1', 1),
(16784, 'Justin Knight', 'admin1@gmail.com', '1324571909', 1, 'admin783', '1', 1),
(16785, 'Justin Knight', 'admin1@gmail.com', '1324571913', 1, 'admin784', '1', 1),
(16786, 'Christina Vanderzanden', 'admin1@gmail.com', '1324571917', 1, 'admin785', '1', 1),
(16787, 'Marina Lichtenstein', 'admin1@gmail.com', '1324571921', 1, 'admin786', '1', 1),
(16788, 'Marina Lichtenstein', 'admin1@gmail.com', '1324571925', 1, 'admin787', '1', 1),
(16789, 'Justin Knight', 'admin1@gmail.com', '1324571929', 1, 'admin788', '1', 1),
(16790, 'Justin Knight', 'admin1@gmail.com', '1324571933', 1, 'admin789', '1', 1),
(16791, 'Gene Hale', 'admin1@gmail.com', '1324571937', 1, 'admin790', '1', 1),
(16792, 'Gene Hale', 'admin1@gmail.com', '1324571941', 1, 'admin791', '1', 1),
(16793, 'Gene Hale', 'admin1@gmail.com', '1324571945', 1, 'admin792', '1', 1),
(16794, 'Rob Haberlin', 'admin1@gmail.com', '1324571949', 1, 'admin793', '1', 1),
(16795, 'Gene Hale', 'admin1@gmail.com', '1324571953', 1, 'admin794', '1', 1),
(16796, 'Gene Hale', 'admin1@gmail.com', '1324571957', 1, 'admin795', '1', 1),
(16797, 'Michelle Arnett', 'admin1@gmail.com', '1324571961', 1, 'admin796', '1', 1),
(16798, 'Sally Knutson', 'admin1@gmail.com', '1324571965', 1, 'admin797', '1', 1),
(16799, 'Rob Haberlin', 'admin1@gmail.com', '1324571969', 1, 'admin798', '1', 1),
(16800, 'Justin Knight', 'admin1@gmail.com', '1324571973', 1, 'admin799', '1', 1),
(16801, 'Justin Knight', 'admin1@gmail.com', '1324571977', 1, 'admin800', '1', 1),
(16802, 'Justin Knight', 'admin1@gmail.com', '1324571981', 1, 'admin801', '1', 1),
(16803, 'Lena Cacioppo', 'admin1@gmail.com', '1324571985', 1, 'admin802', '1', 1),
(16804, 'Seth Vernon', 'admin1@gmail.com', '1324571989', 1, 'admin803', '1', 1),
(16805, 'Seth Vernon', 'admin1@gmail.com', '1324571993', 1, 'admin804', '1', 1),
(16806, 'Seth Vernon', 'admin1@gmail.com', '1324571997', 1, 'admin805', '1', 1),
(16807, 'Gene Hale', 'admin1@gmail.com', '1324572001', 1, 'admin806', '1', 1),
(16808, 'Luke Weiss', 'admin1@gmail.com', '1324572005', 1, 'admin807', '1', 1),
(16809, 'Justin Knight', 'admin1@gmail.com', '1324572009', 1, 'admin808', '1', 1),
(16810, 'Rob Haberlin', 'admin1@gmail.com', '1324572013', 1, 'admin809', '1', 1),
(16811, 'Julie Creighton', 'admin1@gmail.com', '1324572017', 1, 'admin810', '1', 1),
(16812, 'Sanjit Chand', 'admin1@gmail.com', '1324572021', 1, 'admin811', '1', 1),
(16813, 'Justin Knight', 'admin1@gmail.com', '1324572025', 1, 'admin812', '1', 1),
(16814, 'Justin Knight', 'admin1@gmail.com', '1324572029', 1, 'admin813', '1', 1),
(16815, 'Justin Knight', 'admin1@gmail.com', '1324572033', 1, 'admin814', '1', 1),
(16816, 'Justin Knight', 'admin1@gmail.com', '1324572037', 1, 'admin815', '1', 1),
(16817, 'Justin Knight', 'admin1@gmail.com', '1324572041', 1, 'admin816', '1', 1),
(16818, 'Justin Knight', 'admin1@gmail.com', '1324572045', 1, 'admin817', '1', 1),
(16819, 'Luke Weiss', 'admin1@gmail.com', '1324572049', 1, 'admin818', '1', 1),
(16820, 'Luke Weiss', 'admin1@gmail.com', '1324572053', 1, 'admin819', '1', 1),
(16821, 'Christina Vanderzanden', 'admin1@gmail.com', '1324572057', 1, 'admin820', '1', 1),
(16822, 'Christina Vanderzanden', 'admin1@gmail.com', '1324572061', 1, 'admin821', '1', 1),
(16823, 'Lena Cacioppo', 'admin1@gmail.com', '1324572065', 1, 'admin822', '1', 1),
(16824, 'Seth Vernon', 'admin1@gmail.com', '1324572069', 1, 'admin823', '1', 1),
(16825, 'Sanjit Chand', 'admin1@gmail.com', '1324572073', 1, 'admin824', '1', 1),
(16826, 'Sanjit Chand', 'admin1@gmail.com', '1324572077', 1, 'admin825', '1', 1),
(16827, 'Julie Creighton', 'admin1@gmail.com', '1324572081', 1, 'admin826', '1', 1),
(16828, 'Sanjit Chand', 'admin1@gmail.com', '1324572085', 1, 'admin827', '1', 1),
(16829, 'Sanjit Chand', 'admin1@gmail.com', '1324572089', 1, 'admin828', '1', 1),
(16830, 'Sanjit Chand', 'admin1@gmail.com', '1324572093', 1, 'admin829', '1', 1),
(16831, 'Anthony Johnson', 'admin1@gmail.com', '1324572097', 1, 'admin830', '1', 1),
(16832, 'Anthony Johnson', 'admin1@gmail.com', '1324572101', 1, 'admin831', '1', 1),
(16833, 'Kimberly Carter', 'admin1@gmail.com', '1324572105', 1, 'admin832', '1', 1),
(16834, 'Kimberly Carter', 'admin1@gmail.com', '1324572109', 1, 'admin833', '1', 1),
(16835, 'Marina Lichtenstein', 'admin1@gmail.com', '1324572113', 1, 'admin834', '1', 1),
(16836, 'Sanjit Chand', 'admin1@gmail.com', '1324572117', 1, 'admin835', '1', 1),
(16837, 'Sally Knutson', 'admin1@gmail.com', '1324572121', 1, 'admin836', '1', 1),
(16838, 'Sally Knutson', 'admin1@gmail.com', '1324572125', 1, 'admin837', '1', 1),
(16839, 'Luke Weiss', 'admin1@gmail.com', '1324572129', 1, 'admin838', '1', 1),
(16840, 'Anthony Johnson', 'admin1@gmail.com', '1324572133', 1, 'admin839', '1', 1),
(16841, 'Michelle Arnett', 'admin1@gmail.com', '1324572137', 1, 'admin840', '1', 1),
(16842, 'Luke Weiss', 'admin1@gmail.com', '1324572141', 1, 'admin841', '1', 1),
(16843, 'Luke Weiss', 'admin1@gmail.com', '1324572145', 1, 'admin842', '1', 1),
(16844, 'Luke Weiss', 'admin1@gmail.com', '1324572149', 1, 'admin843', '1', 1),
(16845, 'Luke Weiss', 'admin1@gmail.com', '1324572153', 1, 'admin844', '1', 1),
(16846, 'Rob Haberlin', 'admin1@gmail.com', '1324572157', 1, 'admin845', '1', 1),
(16847, 'Julie Creighton', 'admin1@gmail.com', '1324572161', 1, 'admin846', '1', 1),
(16848, 'Julie Creighton', 'admin1@gmail.com', '1324572165', 1, 'admin847', '1', 1),
(16849, 'Justin Knight', 'admin1@gmail.com', '1324572169', 1, 'admin848', '1', 1),
(16850, 'Sally Knutson', 'admin1@gmail.com', '1324572173', 1, 'admin849', '1', 1),
(16851, 'Sally Knutson', 'admin1@gmail.com', '1324572177', 1, 'admin850', '1', 1),
(16852, 'Sally Knutson', 'admin1@gmail.com', '1324572181', 1, 'admin851', '1', 1),
(16853, 'Michelle Arnett', 'admin1@gmail.com', '1324572185', 1, 'admin852', '1', 1),
(16854, 'Michelle Arnett', 'admin1@gmail.com', '1324572189', 1, 'admin853', '1', 1),
(16855, 'Julie Creighton', 'admin1@gmail.com', '1324572193', 1, 'admin854', '1', 1),
(16856, 'Sally Knutson', 'admin1@gmail.com', '1324572197', 1, 'admin855', '1', 1),
(16857, 'Sally Knutson', 'admin1@gmail.com', '1324572201', 1, 'admin856', '1', 1),
(16858, 'Sally Knutson', 'admin1@gmail.com', '1324572205', 1, 'admin857', '1', 1),
(16859, 'Sally Knutson', 'admin1@gmail.com', '1324572209', 1, 'admin858', '1', 1),
(16860, 'Kimberly Carter', 'admin1@gmail.com', '1324572213', 1, 'admin859', '1', 1),
(16861, 'Rob Haberlin', 'admin1@gmail.com', '1324572217', 1, 'admin860', '1', 1),
(16862, 'Rob Haberlin', 'admin1@gmail.com', '1324572221', 1, 'admin861', '1', 1),
(16863, 'Sally Knutson', 'admin1@gmail.com', '1324572225', 1, 'admin862', '1', 1),
(16864, 'Sally Knutson', 'admin1@gmail.com', '1324572229', 1, 'admin863', '1', 1),
(16865, 'Marina Lichtenstein', 'admin1@gmail.com', '1324572233', 1, 'admin864', '1', 1),
(16866, 'Christina DeMoss', 'admin1@gmail.com', '1324572237', 1, 'admin865', '1', 1),
(16867, 'Christina DeMoss', 'admin1@gmail.com', '1324572241', 1, 'admin866', '1', 1),
(16868, 'Luke Weiss', 'admin1@gmail.com', '1324572245', 1, 'admin867', '1', 1),
(16869, 'Sally Knutson', 'admin1@gmail.com', '1324572249', 1, 'admin868', '1', 1),
(16870, 'Michelle Arnett', 'admin1@gmail.com', '1324572253', 1, 'admin869', '1', 1),
(16871, 'Michelle Arnett', 'admin1@gmail.com', '1324572257', 1, 'admin870', '1', 1),
(16872, 'Sanjit Chand', 'admin1@gmail.com', '1324572261', 1, 'admin871', '1', 1),
(16873, 'Anthony Johnson', 'admin1@gmail.com', '1324572265', 1, 'admin872', '1', 1),
(16874, 'Anthony Johnson', 'admin1@gmail.com', '1324572269', 1, 'admin873', '1', 1),
(16875, 'Anthony Johnson', 'admin1@gmail.com', '1324572273', 1, 'admin874', '1', 1),
(16876, 'Luke Weiss', 'admin1@gmail.com', '1324572277', 1, 'admin875', '1', 1),
(16877, 'Luke Weiss', 'admin1@gmail.com', '1324572281', 1, 'admin876', '1', 1),
(16878, 'Rob Haberlin', 'admin1@gmail.com', '1324572285', 1, 'admin877', '1', 1),
(16879, 'Monica Federle', 'admin1@gmail.com', '1324572289', 1, 'admin878', '1', 1),
(16880, 'Monica Federle', 'admin1@gmail.com', '1324572293', 1, 'admin879', '1', 1),
(16881, 'Kimberly Carter', 'admin1@gmail.com', '1324572297', 1, 'admin880', '1', 1),
(16882, 'Michelle Arnett', 'admin1@gmail.com', '1324572301', 1, 'admin881', '1', 1),
(16883, 'Michelle Arnett', 'admin1@gmail.com', '1324572305', 1, 'admin882', '1', 1),
(16884, 'Sanjit Chand', 'admin1@gmail.com', '1324572309', 1, 'admin883', '1', 1),
(16885, 'Sanjit Chand', 'admin1@gmail.com', '1324572313', 1, 'admin884', '1', 1),
(16886, 'Marina Lichtenstein', 'admin1@gmail.com', '1324572317', 1, 'admin885', '1', 1),
(16887, 'Joy Smith', 'admin1@gmail.com', '1324572321', 1, 'admin886', '1', 1),
(16888, 'Christina DeMoss', 'admin1@gmail.com', '1324572325', 1, 'admin887', '1', 1),
(16889, 'Monica Federle', 'admin1@gmail.com', '1324572329', 1, 'admin888', '1', 1),
(16890, 'Monica Federle', 'admin1@gmail.com', '1324572333', 1, 'admin889', '1', 1),
(16891, 'Michelle Arnett', 'admin1@gmail.com', '1324572337', 1, 'admin890', '1', 1),
(16892, 'Michelle Arnett', 'admin1@gmail.com', '1324572341', 1, 'admin891', '1', 1),
(16893, 'Michelle Arnett', 'admin1@gmail.com', '1324572345', 1, 'admin892', '1', 1),
(16894, 'Michelle Arnett', 'admin1@gmail.com', '1324572349', 1, 'admin893', '1', 1),
(16895, 'Michelle Arnett', 'admin1@gmail.com', '1324572353', 1, 'admin894', '1', 1),
(16896, 'Michelle Arnett', 'admin1@gmail.com', '1324572357', 1, 'admin895', '1', 1),
(16897, 'Sally Knutson', 'admin1@gmail.com', '1324572361', 1, 'admin896', '1', 1),
(16898, 'Sally Knutson', 'admin1@gmail.com', '1324572365', 1, 'admin897', '1', 1),
(16899, 'Christina DeMoss', 'admin1@gmail.com', '1324572369', 1, 'admin898', '1', 1),
(16900, 'Joy Smith', 'admin1@gmail.com', '1324572373', 1, 'admin899', '1', 1),
(16901, 'Joy Smith', 'admin1@gmail.com', '1324572377', 1, 'admin900', '1', 1),
(16902, 'Sonia Sunley', 'admin1@gmail.com', '1324572381', 1, 'admin901', '1', 1),
(16903, 'Anthony O\'Donnell', 'admin1@gmail.com', '1324572385', 1, 'admin902', '1', 1),
(16904, 'Anthony O\'Donnell', 'admin1@gmail.com', '1324572389', 1, 'admin903', '1', 1),
(16905, 'Emily Grady', 'admin1@gmail.com', '1324572393', 1, 'admin904', '1', 1),
(16906, 'Emily Grady', 'admin1@gmail.com', '1324572397', 1, 'admin905', '1', 1),
(16907, 'Alex Avila', 'admin1@gmail.com', '1324572401', 1, 'admin906', '1', 1),
(16908, 'Alex Avila', 'admin1@gmail.com', '1324572405', 1, 'admin907', '1', 1),
(16909, 'Alex Avila', 'admin1@gmail.com', '1324572409', 1, 'admin908', '1', 1),
(16910, 'Brian Moss', 'admin1@gmail.com', '1324572413', 1, 'admin909', '1', 1),
(16911, 'Emily Grady', 'admin1@gmail.com', '1324572417', 1, 'admin910', '1', 1),
(16912, 'Emily Grady', 'admin1@gmail.com', '1324572421', 1, 'admin911', '1', 1),
(16913, 'Anna Andreadi', 'admin1@gmail.com', '1324572425', 1, 'admin912', '1', 1),
(16914, 'Anna Andreadi', 'admin1@gmail.com', '1324572429', 1, 'admin913', '1', 1),
(16915, 'Emily Grady', 'admin1@gmail.com', '1324572433', 1, 'admin914', '1', 1),
(16916, 'Barbara Fisher', 'admin1@gmail.com', '1324572437', 1, 'admin915', '1', 1),
(16917, 'Barbara Fisher', 'admin1@gmail.com', '1324572441', 1, 'admin916', '1', 1),
(16918, 'Emily Grady', 'admin1@gmail.com', '1324572445', 1, 'admin917', '1', 1),
(16919, 'Kelly Williams', 'admin1@gmail.com', '1324572449', 1, 'admin918', '1', 1),
(16920, 'Sonia Sunley', 'admin1@gmail.com', '1324572453', 1, 'admin919', '1', 1),
(16921, 'Sonia Sunley', 'admin1@gmail.com', '1324572457', 1, 'admin920', '1', 1),
(16922, 'Sonia Sunley', 'admin1@gmail.com', '1324572461', 1, 'admin921', '1', 1),
(16923, 'Sonia Sunley', 'admin1@gmail.com', '1324572465', 1, 'admin922', '1', 1),
(16924, 'Sonia Sunley', 'admin1@gmail.com', '1324572469', 1, 'admin923', '1', 1),
(16925, 'Sonia Sunley', 'admin1@gmail.com', '1324572473', 1, 'admin924', '1', 1),
(16926, 'Jocasta Rupert', 'admin1@gmail.com', '1324572477', 1, 'admin925', '1', 1),
(16927, 'Sonia Sunley', 'admin1@gmail.com', '1324572481', 1, 'admin926', '1', 1),
(16928, 'Kelly Williams', 'admin1@gmail.com', '1324572485', 1, 'admin927', '1', 1),
(16929, 'Anna Andreadi', 'admin1@gmail.com', '1324572489', 1, 'admin928', '1', 1),
(16930, 'Rick Duston', 'admin1@gmail.com', '1324572493', 1, 'admin929', '1', 1),
(16931, 'Sonia Sunley', 'admin1@gmail.com', '1324572497', 1, 'admin930', '1', 1),
(16932, 'Angele Hood', 'admin1@gmail.com', '1324572501', 1, 'admin931', '1', 1),
(16933, 'Sonia Sunley', 'admin1@gmail.com', '1324572505', 1, 'admin932', '1', 1),
(16934, 'Sonia Sunley', 'admin1@gmail.com', '1324572509', 1, 'admin933', '1', 1),
(16935, 'Sonia Sunley', 'admin1@gmail.com', '1324572513', 1, 'admin934', '1', 1),
(16936, 'Sonia Sunley', 'admin1@gmail.com', '1324572517', 1, 'admin935', '1', 1),
(16937, 'Sonia Sunley', 'admin1@gmail.com', '1324572521', 1, 'admin936', '1', 1),
(16938, 'Dennis Bolton', 'admin1@gmail.com', '1324572525', 1, 'admin937', '1', 1),
(16939, 'Stewart Carmichael', 'admin1@gmail.com', '1324572529', 1, 'admin938', '1', 1),
(16940, 'Dennis Bolton', 'admin1@gmail.com', '1324572533', 1, 'admin939', '1', 1),
(16941, 'Sonia Sunley', 'admin1@gmail.com', '1324572537', 1, 'admin940', '1', 1),
(16942, 'Sonia Sunley', 'admin1@gmail.com', '1324572541', 1, 'admin941', '1', 1),
(16943, 'Stewart Carmichael', 'admin1@gmail.com', '1324572545', 1, 'admin942', '1', 1),
(16944, 'Kelly Williams', 'admin1@gmail.com', '1324572549', 1, 'admin943', '1', 1),
(16945, 'Sonia Sunley', 'admin1@gmail.com', '1324572553', 1, 'admin944', '1', 1),
(16946, 'Kelly Williams', 'admin1@gmail.com', '1324572557', 1, 'admin945', '1', 1),
(16947, 'Sonia Sunley', 'admin1@gmail.com', '1324572561', 1, 'admin946', '1', 1),
(16948, 'Sonia Sunley', 'admin1@gmail.com', '1324572565', 1, 'admin947', '1', 1),
(16949, 'Sonia Sunley', 'admin1@gmail.com', '1324572569', 1, 'admin948', '1', 1),
(16950, 'Sonia Sunley', 'admin1@gmail.com', '1324572573', 1, 'admin949', '1', 1),
(16951, 'Sonia Sunley', 'admin1@gmail.com', '1324572577', 1, 'admin950', '1', 1),
(16952, 'Anna Andreadi', 'admin1@gmail.com', '1324572581', 1, 'admin951', '1', 1),
(16953, 'Seth Vernon', 'admin1@gmail.com', '1324572585', 1, 'admin952', '1', 1),
(16954, 'Seth Vernon', 'admin1@gmail.com', '1324572589', 1, 'admin953', '1', 1),
(16955, 'Seth Vernon', 'admin1@gmail.com', '1324572593', 1, 'admin954', '1', 1),
(16956, 'Alex Avila', 'admin1@gmail.com', '1324572597', 1, 'admin955', '1', 1),
(16957, 'Sarah Foster', 'admin1@gmail.com', '1324572601', 1, 'admin956', '1', 1),
(16958, 'Alex Avila', 'admin1@gmail.com', '1324572605', 1, 'admin957', '1', 1),
(16959, 'Alex Avila', 'admin1@gmail.com', '1324572609', 1, 'admin958', '1', 1),
(16960, 'Anna Andreadi', 'admin1@gmail.com', '1324572613', 1, 'admin959', '1', 1),
(16961, 'Angele Hood', 'admin1@gmail.com', '1324572617', 1, 'admin960', '1', 1),
(16962, 'Sonia Sunley', 'admin1@gmail.com', '1324572621', 1, 'admin961', '1', 1),
(16963, 'Kelly Williams', 'admin1@gmail.com', '1324572625', 1, 'admin962', '1', 1),
(16964, 'Anna Andreadi', 'admin1@gmail.com', '1324572629', 1, 'admin963', '1', 1),
(16965, 'Alex Avila', 'admin1@gmail.com', '1324572633', 1, 'admin964', '1', 1),
(16966, 'Jim Karlsson', 'admin1@gmail.com', '1324572637', 1, 'admin965', '1', 1),
(16967, 'Sonia Sunley', 'admin1@gmail.com', '1324572641', 1, 'admin966', '1', 1),
(16968, 'Alex Avila', 'admin1@gmail.com', '1324572645', 1, 'admin967', '1', 1),
(16969, 'Lisa DeCherney', 'admin1@gmail.com', '1324572649', 1, 'admin968', '1', 1),
(16970, 'Barbara Fisher', 'admin1@gmail.com', '1324572653', 1, 'admin969', '1', 1),
(16971, 'Barbara Fisher', 'admin1@gmail.com', '1324572657', 1, 'admin970', '1', 1),
(16972, 'Barbara Fisher', 'admin1@gmail.com', '1324572661', 1, 'admin971', '1', 1),
(16973, 'Lisa DeCherney', 'admin1@gmail.com', '1324572665', 1, 'admin972', '1', 1),
(16974, 'Lisa DeCherney', 'admin1@gmail.com', '1324572669', 1, 'admin973', '1', 1),
(16975, 'Lisa DeCherney', 'admin1@gmail.com', '1324572673', 1, 'admin974', '1', 1),
(16976, 'Lisa DeCherney', 'admin1@gmail.com', '1324572677', 1, 'admin975', '1', 1),
(16977, 'Barbara Fisher', 'admin1@gmail.com', '1324572681', 1, 'admin976', '1', 1),
(16978, 'Barbara Fisher', 'admin1@gmail.com', '1324572685', 1, 'admin977', '1', 1),
(16979, 'Barbara Fisher', 'admin1@gmail.com', '1324572689', 1, 'admin978', '1', 1),
(16980, 'Alex Avila', 'admin1@gmail.com', '1324572693', 1, 'admin979', '1', 1),
(16981, 'Roy Skaria', 'admin1@gmail.com', '1324572697', 1, 'admin980', '1', 1),
(16982, 'Angele Hood', 'admin1@gmail.com', '1324572701', 1, 'admin981', '1', 1),
(16983, 'Seth Vernon', 'admin1@gmail.com', '1324572705', 1, 'admin982', '1', 1),
(16984, 'Seth Vernon', 'admin1@gmail.com', '1324572709', 1, 'admin983', '1', 1),
(16985, 'Sarah Foster', 'admin1@gmail.com', '1324572713', 1, 'admin984', '1', 1),
(16986, 'Kelly Williams', 'admin1@gmail.com', '1324572717', 1, 'admin985', '1', 1),
(16987, 'Dennis Bolton', 'admin1@gmail.com', '1324572721', 1, 'admin986', '1', 1),
(16988, 'Dennis Bolton', 'admin1@gmail.com', '1324572725', 1, 'admin987', '1', 1),
(16989, 'Roy Skaria', 'admin1@gmail.com', '1324572729', 1, 'admin988', '1', 1),
(16990, 'Jim Karlsson', 'admin1@gmail.com', '1324572733', 1, 'admin989', '1', 1),
(16991, 'Jim Karlsson', 'admin1@gmail.com', '1324572737', 1, 'admin990', '1', 1),
(16992, 'Barbara Fisher', 'admin1@gmail.com', '1324572741', 1, 'admin991', '1', 1),
(16993, 'Anna Andreadi', 'admin1@gmail.com', '1324572745', 1, 'admin992', '1', 1),
(16994, 'Seth Vernon', 'admin1@gmail.com', '1324572749', 1, 'admin993', '1', 1),
(16995, 'Alex Avila', 'admin1@gmail.com', '1324572753', 1, 'admin994', '1', 1),
(16996, 'Alex Avila', 'admin1@gmail.com', '1324572757', 1, 'admin995', '1', 1),
(16997, 'Alex Avila', 'admin1@gmail.com', '1324572761', 1, 'admin996', '1', 1),
(16998, 'Sonia Sunley', 'admin1@gmail.com', '1324572765', 1, 'admin997', '1', 1),
(16999, 'Lisa DeCherney', 'admin1@gmail.com', '1324572769', 1, 'admin998', '1', 1),
(17000, '太郎様', 'admin1@gmail.com', '1324572773', 1, 'admin999', '1', 1),
(17001, 'Anthony O\'Donnell', 'admin1@gmail.com', '1324572777', 1, 'admin1000', '1', 1),
(17002, 'Barbara Fisher', 'admin1@gmail.com', '1324572781', 1, 'admin1001', '1', 1),
(17003, 'Barbara Fisher', 'admin1@gmail.com', '1324572785', 1, 'admin1002', '1', 1),
(17004, 'Barbara Fisher', 'admin1@gmail.com', '1324572789', 1, 'admin1003', '1', 1),
(17005, 'Barry French', 'admin1@gmail.com', '1324568797', 1, 'admin5', '1', 1),
(17006, 'Barry French', 'admin1@gmail.com', '1324568801', 1, 'admin6', '1', 1),
(17007, 'Clay Rozendal', 'admin1@gmail.com', '1324568805', 1, 'admin7', '1', 1),
(17008, 'Carlos Soltero', 'admin1@gmail.com', '1324568809', 1, 'admin8', '1', 1),
(17009, 'Carlos Soltero', 'admin1@gmail.com', '1324568813', 1, 'admin9', '1', 1),
(17010, 'Carl Jackson', 'admin1@gmail.com', '1324568817', 1, 'admin10', '1', 1),
(17011, 'Carl Jackson', 'admin1@gmail.com', '1324568821', 1, 'admin11', '1', 1),
(17012, 'Monica Federle', 'admin1@gmail.com', '1324568825', 1, 'admin12', '1', 1),
(17013, 'Dorothy Badders', 'admin1@gmail.com', '1324568829', 1, 'admin13', '1', 1),
(17014, 'Neola Schneider', 'admin1@gmail.com', '1324568833', 1, 'admin14', '1', 1),
(17015, 'Neola Schneider', 'admin1@gmail.com', '1324568837', 1, 'admin15', '1', 1),
(17016, 'Carlos Daly', 'admin1@gmail.com', '1324568841', 1, 'admin16', '1', 1),
(17017, 'Carlos Daly', 'admin1@gmail.com', '1324568845', 1, 'admin17', '1', 1),
(17018, 'Claudia Miner', 'admin1@gmail.com', '1324568849', 1, 'admin18', '1', 1),
(17019, 'Neola Schneider', 'admin1@gmail.com', '1324568853', 1, 'admin19', '1', 1),
(17020, 'Allen Rosenblatt', 'admin1@gmail.com', '1324568857', 1, 'admin20', '1', 1),
(17021, 'Sylvia Foulston', 'admin1@gmail.com', '1324568861', 1, 'admin21', '1', 1),
(17022, 'Sylvia Foulston', 'admin1@gmail.com', '1324568865', 1, 'admin22', '1', 1),
(17023, 'Jim Radford', 'admin1@gmail.com', '1324568869', 1, 'admin23', '1', 1),
(17024, 'Jim Radford', 'admin1@gmail.com', '1324568873', 1, 'admin24', '1', 1),
(17025, 'Carlos Soltero', 'admin1@gmail.com', '1324568877', 1, 'admin25', '1', 1),
(17026, 'Carlos Soltero', 'admin1@gmail.com', '1324568881', 1, 'admin26', '1', 1),
(17027, 'Carl Ludwig', 'admin1@gmail.com', '1324568885', 1, 'admin27', '1', 1),
(17028, 'Carl Ludwig', 'admin1@gmail.com', '1324568889', 1, 'admin28', '1', 1),
(17029, 'Don Miller', 'admin1@gmail.com', '1324568893', 1, 'admin29', '1', 1),
(17030, 'Annie Cyprus', 'admin1@gmail.com', '1324568897', 1, 'admin30', '1', 1),
(17031, 'Carl Ludwig', 'admin1@gmail.com', '1324568901', 1, 'admin31', '1', 1),
(17032, 'Carlos Soltero', 'admin1@gmail.com', '1324568905', 1, 'admin32', '1', 1),
(17033, 'Grant Carroll', 'admin1@gmail.com', '1324568909', 1, 'admin33', '1', 1),
(17034, 'Don Miller', 'admin1@gmail.com', '1324568913', 1, 'admin34', '1', 1),
(17035, 'Don Miller', 'admin1@gmail.com', '1324568917', 1, 'admin35', '1', 1),
(17036, 'Alan Barnes', 'admin1@gmail.com', '1324568921', 1, 'admin36', '1', 1),
(17037, 'Alan Barnes', 'admin1@gmail.com', '1324568925', 1, 'admin37', '1', 1),
(17038, 'Jack Garza', 'admin1@gmail.com', '1324568929', 1, 'admin38', '1', 1),
(17039, 'Julia West', 'admin1@gmail.com', '1324568933', 1, 'admin39', '1', 1),
(17040, 'Eugene Barchas', 'admin1@gmail.com', '1324568937', 1, 'admin40', '1', 1),
(17041, 'Eugene Barchas', 'admin1@gmail.com', '1324568941', 1, 'admin41', '1', 1),
(17042, 'Eugene Barchas', 'admin1@gmail.com', '1324568945', 1, 'admin42', '1', 1),
(17043, 'Edward Hooks', 'admin1@gmail.com', '1324568949', 1, 'admin43', '1', 1),
(17044, 'Brad Eason', 'admin1@gmail.com', '1324568953', 1, 'admin44', '1', 1),
(17045, 'Nicole Hansen', 'admin1@gmail.com', '1324568957', 1, 'admin45', '1', 1),
(17046, 'Dorothy Wardle', 'admin1@gmail.com', '1324568961', 1, 'admin46', '1', 1),
(17047, 'Aaron Bergman', 'admin1@gmail.com', '1324568965', 1, 'admin47', '1', 1),
(17048, 'Jim Radford', 'admin1@gmail.com', '1324568969', 1, 'admin48', '1', 1),
(17049, 'Annie Cyprus', 'admin1@gmail.com', '1324568973', 1, 'admin49', '1', 1),
(17050, 'Annie Cyprus', 'admin1@gmail.com', '1324568977', 1, 'admin50', '1', 1),
(17051, 'Annie Cyprus', 'admin1@gmail.com', '1324568981', 1, 'admin51', '1', 1),
(17052, 'Annie Cyprus', 'admin1@gmail.com', '1324568985', 1, 'admin52', '1', 1),
(17053, 'Annie Cyprus', 'admin1@gmail.com', '1324568989', 1, 'admin53', '1', 1),
(17054, 'Clay Rozendal', 'admin1@gmail.com', '1324568993', 1, 'admin54', '1', 1),
(17055, 'Don Jones', 'admin1@gmail.com', '1324568997', 1, 'admin55', '1', 1),
(17056, 'Beth Thompson', 'admin1@gmail.com', '1324569001', 1, 'admin56', '1', 1),
(17057, 'Frank Price', 'admin1@gmail.com', '1324569005', 1, 'admin57', '1', 1),
(17058, 'Michelle Lonsdale', 'admin1@gmail.com', '1324569009', 1, 'admin58', '1', 1),
(17059, 'Ann Chong', 'admin1@gmail.com', '1324569013', 1, 'admin59', '1', 1),
(17060, 'Ann Chong', 'admin1@gmail.com', '1324569017', 1, 'admin60', '1', 1),
(17061, 'Joy Bell', 'admin1@gmail.com', '1324569021', 1, 'admin61', '1', 1),
(17062, 'Joy Bell', 'admin1@gmail.com', '1324569025', 1, 'admin62', '1', 1),
(17063, 'Skye Norling', 'admin1@gmail.com', '1324569029', 1, 'admin63', '1', 1),
(17064, 'Barry Weirich', 'admin1@gmail.com', '1324569033', 1, 'admin64', '1', 1),
(17065, 'Grant Carroll', 'admin1@gmail.com', '1324569037', 1, 'admin65', '1', 1),
(17066, 'Grant Carroll', 'admin1@gmail.com', '1324569041', 1, 'admin66', '1', 1),
(17067, 'Adrian Hane', 'admin1@gmail.com', '1324569045', 1, 'admin67', '1', 1),
(17068, 'Skye Norling', 'admin1@gmail.com', '1324569049', 1, 'admin68', '1', 1),
(17069, 'Skye Norling', 'admin1@gmail.com', '1324569053', 1, 'admin69', '1', 1),
(17070, 'Andrew Gjertsen', 'admin1@gmail.com', '1324569057', 1, 'admin70', '1', 1),
(17071, 'Ralph Knight', 'admin1@gmail.com', '1324569061', 1, 'admin71', '1', 1),
(17072, 'Dorothy Wardle', 'admin1@gmail.com', '1324569065', 1, 'admin72', '1', 1),
(17073, 'Dorothy Wardle', 'admin1@gmail.com', '1324569069', 1, 'admin73', '1', 1),
(17074, 'Dorothy Wardle', 'admin1@gmail.com', '1324569073', 1, 'admin74', '1', 1),
(17075, 'Grant Carroll', 'admin1@gmail.com', '1324569077', 1, 'admin75', '1', 1),
(17076, 'Barry Weirich', 'admin1@gmail.com', '1324569081', 1, 'admin76', '1', 1),
(17077, 'Beth Paige', 'admin1@gmail.com', '1324569085', 1, 'admin77', '1', 1),
(17078, 'Sylvia Foulston', 'admin1@gmail.com', '1324569089', 1, 'admin78', '1', 1),
(17079, 'Nicole Hansen', 'admin1@gmail.com', '1324569093', 1, 'admin79', '1', 1),
(17080, 'Nicole Hansen', 'admin1@gmail.com', '1324569097', 1, 'admin80', '1', 1),
(17081, 'Nicole Hansen', 'admin1@gmail.com', '1324569101', 1, 'admin81', '1', 1),
(17082, 'Beth Paige', 'admin1@gmail.com', '1324569105', 1, 'admin82', '1', 1),
(17083, 'Beth Paige', 'admin1@gmail.com', '1324569109', 1, 'admin83', '1', 1),
(17084, 'Beth Paige', 'admin1@gmail.com', '1324569113', 1, 'admin84', '1', 1),
(17085, 'Beth Paige', 'admin1@gmail.com', '1324569117', 1, 'admin85', '1', 1),
(17086, 'Beth Paige', 'admin1@gmail.com', '1324569121', 1, 'admin86', '1', 1),
(17087, 'Sylvia Foulston', 'admin1@gmail.com', '1324569125', 1, 'admin87', '1', 1),
(17088, 'Bryan Davis', 'admin1@gmail.com', '1324569129', 1, 'admin88', '1', 1),
(17089, 'Joy Bell', 'admin1@gmail.com', '1324569133', 1, 'admin89', '1', 1),
(17090, 'Joy Bell', 'admin1@gmail.com', '1324569137', 1, 'admin90', '1', 1),
(17091, 'Joy Bell', 'admin1@gmail.com', '1324569141', 1, 'admin91', '1', 1),
(17092, 'Alan Barnes', 'admin1@gmail.com', '1324569145', 1, 'admin92', '1', 1),
(17093, 'Grant Carroll', 'admin1@gmail.com', '1324569149', 1, 'admin93', '1', 1),
(17094, 'Grant Carroll', 'admin1@gmail.com', '1324569153', 1, 'admin94', '1', 1),
(17095, 'Grant Carroll', 'admin1@gmail.com', '1324569157', 1, 'admin95', '1', 1),
(17096, 'Delfina Latchford', 'admin1@gmail.com', '1324569161', 1, 'admin96', '1', 1),
(17097, 'Don Jones', 'admin1@gmail.com', '1324569165', 1, 'admin97', '1', 1),
(17098, 'Doug Bickford', 'admin1@gmail.com', '1324569169', 1, 'admin98', '1', 1),
(17099, 'Doug Bickford', 'admin1@gmail.com', '1324569173', 1, 'admin99', '1', 1),
(17100, 'Doug Bickford', 'admin1@gmail.com', '1324569177', 1, 'admin100', '1', 1),
(17101, 'Jamie Kunitz', 'admin1@gmail.com', '1324569181', 1, 'admin101', '1', 1),
(17102, 'Anthony Johnson', 'admin1@gmail.com', '1324569185', 1, 'admin102', '1', 1),
(17103, 'Ralph Knight', 'admin1@gmail.com', '1324569189', 1, 'admin103', '1', 1),
(17104, 'Allen Rosenblatt', 'admin1@gmail.com', '1324569193', 1, 'admin104', '1', 1),
(17105, 'Barry Weirich', 'admin1@gmail.com', '1324569197', 1, 'admin105', '1', 1),
(17106, 'Doug Bickford', 'admin1@gmail.com', '1324569201', 1, 'admin106', '1', 1),
(17107, 'Carl Jackson', 'admin1@gmail.com', '1324569205', 1, 'admin107', '1', 1),
(17108, 'Brendan Dodson', 'admin1@gmail.com', '1324569209', 1, 'admin108', '1', 1),
(17109, 'Edward Hooks', 'admin1@gmail.com', '1324569213', 1, 'admin109', '1', 1),
(17110, 'Jamie Kunitz', 'admin1@gmail.com', '1324569217', 1, 'admin110', '1', 1),
(17111, 'Jamie Kunitz', 'admin1@gmail.com', '1324569221', 1, 'admin111', '1', 1),
(17112, 'Michelle Lonsdale', 'admin1@gmail.com', '1324569225', 1, 'admin112', '1', 1),
(17113, 'Michelle Lonsdale', 'admin1@gmail.com', '1324569229', 1, 'admin113', '1', 1),
(17114, 'Brendan Dodson', 'admin1@gmail.com', '1324569233', 1, 'admin114', '1', 1),
(17115, 'Hunter Glantz', 'admin1@gmail.com', '1324569237', 1, 'admin115', '1', 1),
(17116, 'Sylvia Foulston', 'admin1@gmail.com', '1324569241', 1, 'admin116', '1', 1),
(17117, 'Eugene Barchas', 'admin1@gmail.com', '1324569245', 1, 'admin117', '1', 1),
(17118, 'Jim Radford', 'admin1@gmail.com', '1324569249', 1, 'admin118', '1', 1),
(17119, 'Carlos Soltero', 'admin1@gmail.com', '1324569253', 1, 'admin119', '1', 1),
(17120, 'Carlos Soltero', 'admin1@gmail.com', '1324569257', 1, 'admin120', '1', 1),
(17121, 'Carlos Soltero', 'admin1@gmail.com', '1324569261', 1, 'admin121', '1', 1),
(17122, 'Carlos Soltero', 'admin1@gmail.com', '1324569265', 1, 'admin122', '1', 1),
(17123, 'Jim Radford', 'admin1@gmail.com', '1324569269', 1, 'admin123', '1', 1),
(17124, 'Jim Radford', 'admin1@gmail.com', '1324569273', 1, 'admin124', '1', 1),
(17125, 'Grant Carroll', 'admin1@gmail.com', '1324569277', 1, 'admin125', '1', 1),
(17126, 'Grant Carroll', 'admin1@gmail.com', '1324569281', 1, 'admin126', '1', 1),
(17127, 'Skye Norling', 'admin1@gmail.com', '1324569285', 1, 'admin127', '1', 1),
(17128, 'Doug Bickford', 'admin1@gmail.com', '1324569289', 1, 'admin128', '1', 1),
(17129, 'Grant Carroll', 'admin1@gmail.com', '1324569293', 1, 'admin129', '1', 1),
(17130, 'Muhammed MacIntyre', 'admin1@gmail.com', '1324569297', 1, 'admin130', '1', 1),
(17131, 'Muhammed MacIntyre', 'admin1@gmail.com', '1324569301', 1, 'admin131', '1', 1),
(17132, 'Muhammed MacIntyre', 'admin1@gmail.com', '1324569305', 1, 'admin132', '1', 1),
(17133, 'Doug Bickford', 'admin1@gmail.com', '1324569309', 1, 'admin133', '1', 1),
(17134, 'Doug Bickford', 'admin1@gmail.com', '1324569313', 1, 'admin134', '1', 1),
(17135, 'Beth Thompson', 'admin1@gmail.com', '1324569317', 1, 'admin135', '1', 1),
(17136, 'Ralph Knight', 'admin1@gmail.com', '1324569321', 1, 'admin136', '1', 1),
(17137, 'Carl Jackson', 'admin1@gmail.com', '1324569325', 1, 'admin137', '1', 1),
(17138, 'Carl Jackson', 'admin1@gmail.com', '1324569329', 1, 'admin138', '1', 1),
(17139, 'Dorothy Badders', 'admin1@gmail.com', '1324569333', 1, 'admin139', '1', 1),
(17140, 'Dorothy Badders', 'admin1@gmail.com', '1324569337', 1, 'admin140', '1', 1),
(17141, 'Dorothy Badders', 'admin1@gmail.com', '1324569341', 1, 'admin141', '1', 1),
(17142, 'Delfina Latchford', 'admin1@gmail.com', '1324569345', 1, 'admin142', '1', 1),
(17143, 'Julia West', 'admin1@gmail.com', '1324569349', 1, 'admin143', '1', 1),
(17144, 'Julia West', 'admin1@gmail.com', '1324569353', 1, 'admin144', '1', 1),
(17145, 'Brad Eason', 'admin1@gmail.com', '1324569357', 1, 'admin145', '1', 1),
(17146, 'Thomas Seio', 'admin1@gmail.com', '1324569361', 1, 'admin146', '1', 1),
(17147, 'Thomas Seio', 'admin1@gmail.com', '1324569365', 1, 'admin147', '1', 1),
(17148, 'Thomas Seio', 'admin1@gmail.com', '1324569369', 1, 'admin148', '1', 1),
(17149, 'Monica Federle', 'admin1@gmail.com', '1324569373', 1, 'admin149', '1', 1),
(17150, 'Monica Federle', 'admin1@gmail.com', '1324569377', 1, 'admin150', '1', 1),
(17151, 'Michelle Lonsdale', 'admin1@gmail.com', '1324569381', 1, 'admin151', '1', 1),
(17152, 'Frank Price', 'admin1@gmail.com', '1324569385', 1, 'admin152', '1', 1),
(17153, 'Frank Price', 'admin1@gmail.com', '1324569389', 1, 'admin153', '1', 1),
(17154, 'Bryan Davis', 'admin1@gmail.com', '1324569393', 1, 'admin154', '1', 1),
(17155, 'Don Jones', 'admin1@gmail.com', '1324569397', 1, 'admin155', '1', 1),
(17156, 'Carlos Soltero', 'admin1@gmail.com', '1324569401', 1, 'admin156', '1', 1),
(17157, 'Carlos Soltero', 'admin1@gmail.com', '1324569405', 1, 'admin157', '1', 1),
(17158, 'Nicole Hansen', 'admin1@gmail.com', '1324569409', 1, 'admin158', '1', 1),
(17159, 'Nicole Hansen', 'admin1@gmail.com', '1324569413', 1, 'admin159', '1', 1),
(17160, 'Beth Thompson', 'admin1@gmail.com', '1324569417', 1, 'admin160', '1', 1),
(17161, 'Beth Thompson', 'admin1@gmail.com', '1324569421', 1, 'admin161', '1', 1),
(17162, 'Beth Thompson', 'admin1@gmail.com', '1324569425', 1, 'admin162', '1', 1),
(17163, 'Nicole Hansen', 'admin1@gmail.com', '1324569429', 1, 'admin163', '1', 1),
(17164, 'Carlos Soltero', 'admin1@gmail.com', '1324569433', 1, 'admin164', '1', 1),
(17165, 'Carlos Soltero', 'admin1@gmail.com', '1324569437', 1, 'admin165', '1', 1),
(17166, 'Dorothy Badders', 'admin1@gmail.com', '1324569441', 1, 'admin166', '1', 1),
(17167, 'Muhammed MacIntyre', 'admin1@gmail.com', '1324569445', 1, 'admin167', '1', 1),
(17168, 'Muhammed MacIntyre', 'admin1@gmail.com', '1324569449', 1, 'admin168', '1', 1),
(17169, 'Don Miller', 'admin1@gmail.com', '1324569453', 1, 'admin169', '1', 1),
(17170, 'Sylvia Foulston', 'admin1@gmail.com', '1324569457', 1, 'admin170', '1', 1),
(17171, 'Becky Castell', 'admin1@gmail.com', '1324569461', 1, 'admin171', '1', 1),
(17172, 'Dorothy Wardle', 'admin1@gmail.com', '1324569465', 1, 'admin172', '1', 1),
(17173, 'Dorothy Wardle', 'admin1@gmail.com', '1324569469', 1, 'admin173', '1', 1),
(17174, 'Dorothy Wardle', 'admin1@gmail.com', '1324569473', 1, 'admin174', '1', 1),
(17175, 'Ann Chong', 'admin1@gmail.com', '1324569477', 1, 'admin175', '1', 1),
(17176, 'Ann Chong', 'admin1@gmail.com', '1324569481', 1, 'admin176', '1', 1),
(17177, 'Ann Chong', 'admin1@gmail.com', '1324569485', 1, 'admin177', '1', 1),
(17178, 'Clay Rozendal', 'admin1@gmail.com', '1324569489', 1, 'admin178', '1', 1),
(17179, 'Grant Carroll', 'admin1@gmail.com', '1324569493', 1, 'admin179', '1', 1),
(17180, 'Brendan Dodson', 'admin1@gmail.com', '1324569497', 1, 'admin180', '1', 1),
(17181, 'Carlos Daly', 'admin1@gmail.com', '1324569501', 1, 'admin181', '1', 1),
(17182, 'Alan Barnes', 'admin1@gmail.com', '1324569505', 1, 'admin182', '1', 1),
(17183, 'Alan Barnes', 'admin1@gmail.com', '1324569509', 1, 'admin183', '1', 1),
(17184, 'Alan Barnes', 'admin1@gmail.com', '1324569513', 1, 'admin184', '1', 1),
(17185, 'Nicole Hansen', 'admin1@gmail.com', '1324569517', 1, 'admin185', '1', 1),
(17186, 'Cari Schnelling', 'admin1@gmail.com', '1324569521', 1, 'admin186', '1', 1),
(17187, 'Chad Cunningham', 'admin1@gmail.com', '1324569525', 1, 'admin187', '1', 1),
(17188, 'Bryan Mills', 'admin1@gmail.com', '1324569529', 1, 'admin188', '1', 1),
(17189, 'Bryan Mills', 'admin1@gmail.com', '1324569533', 1, 'admin189', '1', 1),
(17190, 'Adrian Hane', 'admin1@gmail.com', '1324569537', 1, 'admin190', '1', 1),
(17191, 'Adrian Hane', 'admin1@gmail.com', '1324569541', 1, 'admin191', '1', 1),
(17192, 'Rick Reed', 'admin1@gmail.com', '1324569545', 1, 'admin192', '1', 1),
(17193, 'Heather Kirkland', 'admin1@gmail.com', '1324569549', 1, 'admin193', '1', 1),
(17194, 'Fred Wasserman', 'admin1@gmail.com', '1324569553', 1, 'admin194', '1', 1),
(17195, 'Becky Castell', 'admin1@gmail.com', '1324569557', 1, 'admin195', '1', 1),
(17196, 'Becky Castell', 'admin1@gmail.com', '1324569561', 1, 'admin196', '1', 1),
(17197, 'Beth Thompson', 'admin1@gmail.com', '1324569565', 1, 'admin197', '1', 1),
(17198, 'Claudia Miner', 'admin1@gmail.com', '1324569569', 1, 'admin198', '1', 1),
(17199, 'Jack Lebron', 'admin1@gmail.com', '1324569573', 1, 'admin199', '1', 1),
(17200, 'Alan Barnes', 'admin1@gmail.com', '1324569577', 1, 'admin200', '1', 1),
(17201, 'Carlos Soltero', 'admin1@gmail.com', '1324569581', 1, 'admin201', '1', 1),
(17202, 'Clay Rozendal', 'admin1@gmail.com', '1324569585', 1, 'admin202', '1', 1),
(17203, 'Clay Rozendal', 'admin1@gmail.com', '1324569589', 1, 'admin203', '1', 1),
(17204, 'Julia West', 'admin1@gmail.com', '1324569593', 1, 'admin204', '1', 1),
(17205, 'Alan Barnes', 'admin1@gmail.com', '1324569597', 1, 'admin205', '1', 1),
(17206, 'Joy Bell', 'admin1@gmail.com', '1324569601', 1, 'admin206', '1', 1),
(17207, 'Joy Bell', 'admin1@gmail.com', '1324569605', 1, 'admin207', '1', 1),
(17208, 'Joy Bell', 'admin1@gmail.com', '1324569609', 1, 'admin208', '1', 1),
(17209, 'Jack Lebron', 'admin1@gmail.com', '1324569613', 1, 'admin209', '1', 1),
(17210, 'Anthony Johnson', 'admin1@gmail.com', '1324569617', 1, 'admin210', '1', 1),
(17211, 'Anthony Johnson', 'admin1@gmail.com', '1324569621', 1, 'admin211', '1', 1),
(17212, 'Anthony Johnson', 'admin1@gmail.com', '1324569625', 1, 'admin212', '1', 1),
(17213, 'Eugene Barchas', 'admin1@gmail.com', '1324569629', 1, 'admin213', '1', 1),
(17214, 'Eugene Barchas', 'admin1@gmail.com', '1324569633', 1, 'admin214', '1', 1),
(17215, 'Thomas Seio', 'admin1@gmail.com', '1324569637', 1, 'admin215', '1', 1),
(17216, 'Bryan Mills', 'admin1@gmail.com', '1324569641', 1, 'admin216', '1', 1),
(17217, 'Bryan Mills', 'admin1@gmail.com', '1324569645', 1, 'admin217', '1', 1),
(17218, 'Eugene Barchas', 'admin1@gmail.com', '1324569649', 1, 'admin218', '1', 1),
(17219, 'Sylvia Foulston', 'admin1@gmail.com', '1324569653', 1, 'admin219', '1', 1),
(17220, 'Sylvia Foulston', 'admin1@gmail.com', '1324569657', 1, 'admin220', '1', 1),
(17221, 'Carl Ludwig', 'admin1@gmail.com', '1324569661', 1, 'admin221', '1', 1),
(17222, 'Julia West', 'admin1@gmail.com', '1324569665', 1, 'admin222', '1', 1),
(17223, 'Don Jones', 'admin1@gmail.com', '1324569669', 1, 'admin223', '1', 1),
(17224, 'Mike Pelletier', 'admin1@gmail.com', '1324569673', 1, 'admin224', '1', 1),
(17225, 'Mike Pelletier', 'admin1@gmail.com', '1324569677', 1, 'admin225', '1', 1),
(17226, 'Eugene Barchas', 'admin1@gmail.com', '1324569681', 1, 'admin226', '1', 1),
(17227, 'Ann Chong', 'admin1@gmail.com', '1324569685', 1, 'admin227', '1', 1),
(17228, 'Ann Chong', 'admin1@gmail.com', '1324569689', 1, 'admin228', '1', 1),
(17229, 'Charles McCrossin', 'admin1@gmail.com', '1324569693', 1, 'admin229', '1', 1),
(17230, 'Annie Cyprus', 'admin1@gmail.com', '1324569697', 1, 'admin230', '1', 1),
(17231, 'Annie Cyprus', 'admin1@gmail.com', '1324569701', 1, 'admin231', '1', 1),
(17232, 'Carlos Soltero', 'admin1@gmail.com', '1324569705', 1, 'admin232', '1', 1),
(17233, 'Doug Bickford', 'admin1@gmail.com', '1324569709', 1, 'admin233', '1', 1),
(17234, 'Carlos Daly', 'admin1@gmail.com', '1324569713', 1, 'admin234', '1', 1),
(17235, 'Fred Wasserman', 'admin1@gmail.com', '1324569717', 1, 'admin235', '1', 1),
(17236, 'Fred Wasserman', 'admin1@gmail.com', '1324569721', 1, 'admin236', '1', 1),
(17237, 'Sylvia Foulston', 'admin1@gmail.com', '1324569725', 1, 'admin237', '1', 1),
(17238, 'Michelle Lonsdale', 'admin1@gmail.com', '1324569729', 1, 'admin238', '1', 1),
(17239, 'Sylvia Foulston', 'admin1@gmail.com', '1324569733', 1, 'admin239', '1', 1),
(17240, 'Sylvia Foulston', 'admin1@gmail.com', '1324569737', 1, 'admin240', '1', 1),
(17241, 'Sylvia Foulston', 'admin1@gmail.com', '1324569741', 1, 'admin241', '1', 1);
INSERT INTO `users` (`id`, `name`, `email`, `phone`, `roll`, `login_id`, `password`, `active`) VALUES
(17242, 'Sylvia Foulston', 'admin1@gmail.com', '1324569745', 1, 'admin242', '1', 1),
(17243, 'Charlotte Melton', 'admin1@gmail.com', '1324569749', 1, 'admin243', '1', 1),
(17244, 'Barry French', 'admin1@gmail.com', '1324569753', 1, 'admin244', '1', 1),
(17245, 'Heather Kirkland', 'admin1@gmail.com', '1324569757', 1, 'admin245', '1', 1),
(17246, 'Heather Kirkland', 'admin1@gmail.com', '1324569761', 1, 'admin246', '1', 1),
(17247, 'Heather Kirkland', 'admin1@gmail.com', '1324569765', 1, 'admin247', '1', 1),
(17248, 'Henry Goldwyn', 'admin1@gmail.com', '1324569769', 1, 'admin248', '1', 1),
(17249, 'Frank Price', 'admin1@gmail.com', '1324569773', 1, 'admin249', '1', 1),
(17250, 'Jim Radford', 'admin1@gmail.com', '1324569777', 1, 'admin250', '1', 1),
(17251, 'Jim Radford', 'admin1@gmail.com', '1324569781', 1, 'admin251', '1', 1),
(17252, 'Ralph Knight', 'admin1@gmail.com', '1324569785', 1, 'admin252', '1', 1),
(17253, 'Delfina Latchford', 'admin1@gmail.com', '1324569789', 1, 'admin253', '1', 1),
(17254, 'Delfina Latchford', 'admin1@gmail.com', '1324569793', 1, 'admin254', '1', 1),
(17255, 'Roy Skaria', 'admin1@gmail.com', '1324569797', 1, 'admin255', '1', 1),
(17256, 'Roy Skaria', 'admin1@gmail.com', '1324569801', 1, 'admin256', '1', 1),
(17257, 'Monica Federle', 'admin1@gmail.com', '1324569805', 1, 'admin257', '1', 1),
(17258, 'Monica Federle', 'admin1@gmail.com', '1324569809', 1, 'admin258', '1', 1),
(17259, 'Charles McCrossin', 'admin1@gmail.com', '1324569813', 1, 'admin259', '1', 1),
(17260, 'Don Miller', 'admin1@gmail.com', '1324569817', 1, 'admin260', '1', 1),
(17261, 'Jeremy Lonsdale', 'admin1@gmail.com', '1324569821', 1, 'admin261', '1', 1),
(17262, 'Jeremy Lonsdale', 'admin1@gmail.com', '1324569825', 1, 'admin262', '1', 1),
(17263, 'Grant Carroll', 'admin1@gmail.com', '1324569829', 1, 'admin263', '1', 1),
(17264, 'Carl Ludwig', 'admin1@gmail.com', '1324569833', 1, 'admin264', '1', 1),
(17265, 'Carlos Daly', 'admin1@gmail.com', '1324569837', 1, 'admin265', '1', 1),
(17266, 'Ralph Knight', 'admin1@gmail.com', '1324569841', 1, 'admin266', '1', 1),
(17267, 'Cindy Schnelling', 'admin1@gmail.com', '1324569845', 1, 'admin267', '1', 1),
(17268, 'Claudia Miner', 'admin1@gmail.com', '1324569849', 1, 'admin268', '1', 1),
(17269, 'Roy Skaria', 'admin1@gmail.com', '1324569853', 1, 'admin269', '1', 1),
(17270, 'Delfina Latchford', 'admin1@gmail.com', '1324569857', 1, 'admin270', '1', 1),
(17271, 'Edward Hooks', 'admin1@gmail.com', '1324569861', 1, 'admin271', '1', 1),
(17272, 'Edward Hooks', 'admin1@gmail.com', '1324569865', 1, 'admin272', '1', 1),
(17273, 'Don Miller', 'admin1@gmail.com', '1324569869', 1, 'admin273', '1', 1),
(17274, 'Grant Carroll', 'admin1@gmail.com', '1324569873', 1, 'admin274', '1', 1),
(17275, 'Grant Carroll', 'admin1@gmail.com', '1324569877', 1, 'admin275', '1', 1),
(17276, 'Brad Eason', 'admin1@gmail.com', '1324569881', 1, 'admin276', '1', 1),
(17277, 'Charles McCrossin', 'admin1@gmail.com', '1324569885', 1, 'admin277', '1', 1),
(17278, 'Charles McCrossin', 'admin1@gmail.com', '1324569889', 1, 'admin278', '1', 1),
(17279, 'Charles McCrossin', 'admin1@gmail.com', '1324569893', 1, 'admin279', '1', 1),
(17280, 'Charles McCrossin', 'admin1@gmail.com', '1324569897', 1, 'admin280', '1', 1),
(17281, 'Bryan Mills', 'admin1@gmail.com', '1324569901', 1, 'admin281', '1', 1),
(17282, 'Monica Federle', 'admin1@gmail.com', '1324569905', 1, 'admin282', '1', 1),
(17283, 'Michelle Lonsdale', 'admin1@gmail.com', '1324569909', 1, 'admin283', '1', 1),
(17284, 'Michelle Lonsdale', 'admin1@gmail.com', '1324569913', 1, 'admin284', '1', 1),
(17285, 'Michelle Lonsdale', 'admin1@gmail.com', '1324569917', 1, 'admin285', '1', 1),
(17286, 'Michelle Lonsdale', 'admin1@gmail.com', '1324569921', 1, 'admin286', '1', 1),
(17287, 'Beth Thompson', 'admin1@gmail.com', '1324569925', 1, 'admin287', '1', 1),
(17288, 'Cindy Schnelling', 'admin1@gmail.com', '1324569929', 1, 'admin288', '1', 1),
(17289, 'Cindy Schnelling', 'admin1@gmail.com', '1324569933', 1, 'admin289', '1', 1),
(17290, 'Nicole Hansen', 'admin1@gmail.com', '1324569937', 1, 'admin290', '1', 1),
(17291, 'Nicole Hansen', 'admin1@gmail.com', '1324569941', 1, 'admin291', '1', 1),
(17292, 'Nicole Hansen', 'admin1@gmail.com', '1324569945', 1, 'admin292', '1', 1),
(17293, 'Cari Schnelling', 'admin1@gmail.com', '1324569949', 1, 'admin293', '1', 1),
(17294, 'Cari Schnelling', 'admin1@gmail.com', '1324569953', 1, 'admin294', '1', 1),
(17295, 'Roy Skaria', 'admin1@gmail.com', '1324569957', 1, 'admin295', '1', 1),
(17296, 'Susan Vittorini', 'admin1@gmail.com', '1324569961', 1, 'admin296', '1', 1),
(17297, 'Susan Vittorini', 'admin1@gmail.com', '1324569965', 1, 'admin297', '1', 1),
(17298, 'Sylvia Foulston', 'admin1@gmail.com', '1324569969', 1, 'admin298', '1', 1),
(17299, 'Sylvia Foulston', 'admin1@gmail.com', '1324569973', 1, 'admin299', '1', 1),
(17300, 'Chad Cunningham', 'admin1@gmail.com', '1324569977', 1, 'admin300', '1', 1),
(17301, 'Chad Cunningham', 'admin1@gmail.com', '1324569981', 1, 'admin301', '1', 1),
(17302, 'Carlos Daly', 'admin1@gmail.com', '1324569985', 1, 'admin302', '1', 1),
(17303, 'Carlos Daly', 'admin1@gmail.com', '1324569989', 1, 'admin303', '1', 1),
(17304, 'Grant Carroll', 'admin1@gmail.com', '1324569993', 1, 'admin304', '1', 1),
(17305, 'Julia West', 'admin1@gmail.com', '1324569997', 1, 'admin305', '1', 1),
(17306, 'Roy Skaria', 'admin1@gmail.com', '1324570001', 1, 'admin306', '1', 1),
(17307, 'Cindy Schnelling', 'admin1@gmail.com', '1324570005', 1, 'admin307', '1', 1),
(17308, 'Don Jones', 'admin1@gmail.com', '1324570009', 1, 'admin308', '1', 1),
(17309, 'Beth Thompson', 'admin1@gmail.com', '1324570013', 1, 'admin309', '1', 1),
(17310, 'Beth Thompson', 'admin1@gmail.com', '1324570017', 1, 'admin310', '1', 1),
(17311, 'Alan Barnes', 'admin1@gmail.com', '1324570021', 1, 'admin311', '1', 1),
(17312, 'Alan Barnes', 'admin1@gmail.com', '1324570025', 1, 'admin312', '1', 1),
(17313, 'Carl Ludwig', 'admin1@gmail.com', '1324570029', 1, 'admin313', '1', 1),
(17314, 'Carl Ludwig', 'admin1@gmail.com', '1324570033', 1, 'admin314', '1', 1),
(17315, 'Carl Ludwig', 'admin1@gmail.com', '1324570037', 1, 'admin315', '1', 1),
(17316, 'Jamie Kunitz', 'admin1@gmail.com', '1324570041', 1, 'admin316', '1', 1),
(17317, 'Heather Kirkland', 'admin1@gmail.com', '1324570045', 1, 'admin317', '1', 1),
(17318, 'Heather Kirkland', 'admin1@gmail.com', '1324570049', 1, 'admin318', '1', 1),
(17319, 'Heather Kirkland', 'admin1@gmail.com', '1324570053', 1, 'admin319', '1', 1),
(17320, 'Doug Bickford', 'admin1@gmail.com', '1324570057', 1, 'admin320', '1', 1),
(17321, 'Doug Bickford', 'admin1@gmail.com', '1324570061', 1, 'admin321', '1', 1),
(17322, 'Doug Bickford', 'admin1@gmail.com', '1324570065', 1, 'admin322', '1', 1),
(17323, 'Doug Bickford', 'admin1@gmail.com', '1324570069', 1, 'admin323', '1', 1),
(17324, 'Carlos Daly', 'admin1@gmail.com', '1324570073', 1, 'admin324', '1', 1),
(17325, 'Toby Braunhardt', 'admin1@gmail.com', '1324570077', 1, 'admin325', '1', 1),
(17326, 'Toby Braunhardt', 'admin1@gmail.com', '1324570081', 1, 'admin326', '1', 1),
(17327, 'Toby Braunhardt', 'admin1@gmail.com', '1324570085', 1, 'admin327', '1', 1),
(17328, 'Cari Schnelling', 'admin1@gmail.com', '1324570089', 1, 'admin328', '1', 1),
(17329, 'Thomas Seio', 'admin1@gmail.com', '1324570093', 1, 'admin329', '1', 1),
(17330, 'Thomas Seio', 'admin1@gmail.com', '1324570097', 1, 'admin330', '1', 1),
(17331, 'Thomas Seio', 'admin1@gmail.com', '1324570101', 1, 'admin331', '1', 1),
(17332, 'Brendan Dodson', 'admin1@gmail.com', '1324570105', 1, 'admin332', '1', 1),
(17333, 'Brendan Dodson', 'admin1@gmail.com', '1324570109', 1, 'admin333', '1', 1),
(17334, 'Charlotte Melton', 'admin1@gmail.com', '1324570113', 1, 'admin334', '1', 1),
(17335, 'Beth Thompson', 'admin1@gmail.com', '1324570117', 1, 'admin335', '1', 1),
(17336, 'Beth Thompson', 'admin1@gmail.com', '1324570121', 1, 'admin336', '1', 1),
(17337, 'Eugene Barchas', 'admin1@gmail.com', '1324570125', 1, 'admin337', '1', 1),
(17338, 'Michelle Lonsdale', 'admin1@gmail.com', '1324570129', 1, 'admin338', '1', 1),
(17339, 'Michelle Lonsdale', 'admin1@gmail.com', '1324570133', 1, 'admin339', '1', 1),
(17340, 'Grant Carroll', 'admin1@gmail.com', '1324570137', 1, 'admin340', '1', 1),
(17341, 'Beth Paige', 'admin1@gmail.com', '1324570141', 1, 'admin341', '1', 1),
(17342, 'Dorothy Wardle', 'admin1@gmail.com', '1324570145', 1, 'admin342', '1', 1),
(17343, 'Muhammed MacIntyre', 'admin1@gmail.com', '1324570149', 1, 'admin343', '1', 1),
(17344, 'Charlotte Melton', 'admin1@gmail.com', '1324570153', 1, 'admin344', '1', 1),
(17345, 'Muhammed MacIntyre', 'admin1@gmail.com', '1324570157', 1, 'admin345', '1', 1),
(17346, 'Claudia Miner', 'admin1@gmail.com', '1324570161', 1, 'admin346', '1', 1),
(17347, 'Claudia Miner', 'admin1@gmail.com', '1324570165', 1, 'admin347', '1', 1),
(17348, 'Claudia Miner', 'admin1@gmail.com', '1324570169', 1, 'admin348', '1', 1),
(17349, 'Brendan Dodson', 'admin1@gmail.com', '1324570173', 1, 'admin349', '1', 1),
(17350, 'Dorothy Wardle', 'admin1@gmail.com', '1324570177', 1, 'admin350', '1', 1),
(17351, 'Mike Pelletier', 'admin1@gmail.com', '1324570181', 1, 'admin351', '1', 1),
(17352, 'Edward Hooks', 'admin1@gmail.com', '1324570185', 1, 'admin352', '1', 1),
(17353, 'Edward Hooks', 'admin1@gmail.com', '1324570189', 1, 'admin353', '1', 1),
(17354, 'Jamie Kunitz', 'admin1@gmail.com', '1324570193', 1, 'admin354', '1', 1),
(17355, 'Jamie Kunitz', 'admin1@gmail.com', '1324570197', 1, 'admin355', '1', 1),
(17356, 'Julia West', 'admin1@gmail.com', '1324570201', 1, 'admin356', '1', 1),
(17357, 'Jeremy Lonsdale', 'admin1@gmail.com', '1324570205', 1, 'admin357', '1', 1),
(17358, 'Jeremy Lonsdale', 'admin1@gmail.com', '1324570209', 1, 'admin358', '1', 1),
(17359, 'Jeremy Lonsdale', 'admin1@gmail.com', '1324570213', 1, 'admin359', '1', 1),
(17360, 'Jeremy Lonsdale', 'admin1@gmail.com', '1324570217', 1, 'admin360', '1', 1),
(17361, 'Cindy Schnelling', 'admin1@gmail.com', '1324570221', 1, 'admin361', '1', 1),
(17362, 'Heather Kirkland', 'admin1@gmail.com', '1324570225', 1, 'admin362', '1', 1),
(17363, 'Alan Barnes', 'admin1@gmail.com', '1324570229', 1, 'admin363', '1', 1),
(17364, 'Hunter Glantz', 'admin1@gmail.com', '1324570233', 1, 'admin364', '1', 1),
(17365, 'Hunter Glantz', 'admin1@gmail.com', '1324570237', 1, 'admin365', '1', 1),
(17366, 'Hunter Glantz', 'admin1@gmail.com', '1324570241', 1, 'admin366', '1', 1),
(17367, 'Julia West', 'admin1@gmail.com', '1324570245', 1, 'admin367', '1', 1),
(17368, 'Carlos Daly', 'admin1@gmail.com', '1324570249', 1, 'admin368', '1', 1),
(17369, 'Barry French', 'admin1@gmail.com', '1324570253', 1, 'admin369', '1', 1),
(17370, 'Susan Vittorini', 'admin1@gmail.com', '1324570257', 1, 'admin370', '1', 1),
(17371, 'Carl Jackson', 'admin1@gmail.com', '1324570261', 1, 'admin371', '1', 1),
(17372, 'Carl Jackson', 'admin1@gmail.com', '1324570265', 1, 'admin372', '1', 1),
(17373, 'Carl Jackson', 'admin1@gmail.com', '1324570269', 1, 'admin373', '1', 1),
(17374, 'Alan Barnes', 'admin1@gmail.com', '1324570273', 1, 'admin374', '1', 1),
(17375, 'Charlotte Melton', 'admin1@gmail.com', '1324570277', 1, 'admin375', '1', 1),
(17376, 'Beth Thompson', 'admin1@gmail.com', '1324570281', 1, 'admin376', '1', 1),
(17377, 'Bryan Mills', 'admin1@gmail.com', '1324570285', 1, 'admin377', '1', 1),
(17378, 'Alan Barnes', 'admin1@gmail.com', '1324570289', 1, 'admin378', '1', 1),
(17379, 'Alan Barnes', 'admin1@gmail.com', '1324570293', 1, 'admin379', '1', 1),
(17380, 'Beth Paige', 'admin1@gmail.com', '1324570297', 1, 'admin380', '1', 1),
(17381, 'Mike Pelletier', 'admin1@gmail.com', '1324570301', 1, 'admin381', '1', 1),
(17382, 'Delfina Latchford', 'admin1@gmail.com', '1324570305', 1, 'admin382', '1', 1),
(17383, 'Susan Vittorini', 'admin1@gmail.com', '1324570309', 1, 'admin383', '1', 1),
(17384, 'Dorothy Wardle', 'admin1@gmail.com', '1324570313', 1, 'admin384', '1', 1),
(17385, 'Dorothy Wardle', 'admin1@gmail.com', '1324570317', 1, 'admin385', '1', 1),
(17386, 'Dorothy Wardle', 'admin1@gmail.com', '1324570321', 1, 'admin386', '1', 1),
(17387, 'Susan Vittorini', 'admin1@gmail.com', '1324570325', 1, 'admin387', '1', 1),
(17388, 'Jamie Kunitz', 'admin1@gmail.com', '1324570329', 1, 'admin388', '1', 1),
(17389, 'Fred Wasserman', 'admin1@gmail.com', '1324570333', 1, 'admin389', '1', 1),
(17390, 'Doug Bickford', 'admin1@gmail.com', '1324570337', 1, 'admin390', '1', 1),
(17391, 'Fred Wasserman', 'admin1@gmail.com', '1324570341', 1, 'admin391', '1', 1),
(17392, 'Susan Vittorini', 'admin1@gmail.com', '1324570345', 1, 'admin392', '1', 1),
(17393, 'Doug Bickford', 'admin1@gmail.com', '1324570349', 1, 'admin393', '1', 1),
(17394, 'Claudia Miner', 'admin1@gmail.com', '1324570353', 1, 'admin394', '1', 1),
(17395, 'Claudia Miner', 'admin1@gmail.com', '1324570357', 1, 'admin395', '1', 1),
(17396, 'Frank Price', 'admin1@gmail.com', '1324570361', 1, 'admin396', '1', 1),
(17397, 'Frank Price', 'admin1@gmail.com', '1324570365', 1, 'admin397', '1', 1),
(17398, 'Dorothy Wardle', 'admin1@gmail.com', '1324570369', 1, 'admin398', '1', 1),
(17399, 'Dorothy Wardle', 'admin1@gmail.com', '1324570373', 1, 'admin399', '1', 1),
(17400, 'Dorothy Wardle', 'admin1@gmail.com', '1324570377', 1, 'admin400', '1', 1),
(17401, 'Allen Rosenblatt', 'admin1@gmail.com', '1324570381', 1, 'admin401', '1', 1),
(17402, 'Dorothy Wardle', 'admin1@gmail.com', '1324570385', 1, 'admin402', '1', 1),
(17403, 'Julia West', 'admin1@gmail.com', '1324570389', 1, 'admin403', '1', 1),
(17404, 'Ralph Knight', 'admin1@gmail.com', '1324570393', 1, 'admin404', '1', 1),
(17405, 'Michelle Lonsdale', 'admin1@gmail.com', '1324570397', 1, 'admin405', '1', 1),
(17406, 'Charlotte Melton', 'admin1@gmail.com', '1324570401', 1, 'admin406', '1', 1),
(17407, 'Charlotte Melton', 'admin1@gmail.com', '1324570405', 1, 'admin407', '1', 1),
(17408, 'Allen Rosenblatt', 'admin1@gmail.com', '1324570409', 1, 'admin408', '1', 1),
(17409, 'Neola Schneider', 'admin1@gmail.com', '1324570413', 1, 'admin409', '1', 1),
(17410, 'Neola Schneider', 'admin1@gmail.com', '1324570417', 1, 'admin410', '1', 1),
(17411, 'Joy Bell', 'admin1@gmail.com', '1324570421', 1, 'admin411', '1', 1),
(17412, 'Monica Federle', 'admin1@gmail.com', '1324570425', 1, 'admin412', '1', 1),
(17413, 'Jamie Kunitz', 'admin1@gmail.com', '1324570429', 1, 'admin413', '1', 1),
(17414, 'Susan Vittorini', 'admin1@gmail.com', '1324570433', 1, 'admin414', '1', 1),
(17415, 'Susan Vittorini', 'admin1@gmail.com', '1324570437', 1, 'admin415', '1', 1),
(17416, 'Susan Vittorini', 'admin1@gmail.com', '1324570441', 1, 'admin416', '1', 1),
(17417, 'Charles McCrossin', 'admin1@gmail.com', '1324570445', 1, 'admin417', '1', 1),
(17418, 'Cari Schnelling', 'admin1@gmail.com', '1324570449', 1, 'admin418', '1', 1),
(17419, 'Doug Bickford', 'admin1@gmail.com', '1324570453', 1, 'admin419', '1', 1),
(17420, 'Don Miller', 'admin1@gmail.com', '1324570457', 1, 'admin420', '1', 1),
(17421, 'Don Miller', 'admin1@gmail.com', '1324570461', 1, 'admin421', '1', 1),
(17422, 'Fred Wasserman', 'admin1@gmail.com', '1324570465', 1, 'admin422', '1', 1),
(17423, 'Bryan Mills', 'admin1@gmail.com', '1324570469', 1, 'admin423', '1', 1),
(17424, 'Carlos Daly', 'admin1@gmail.com', '1324570473', 1, 'admin424', '1', 1),
(17425, 'Joy Bell', 'admin1@gmail.com', '1324570477', 1, 'admin425', '1', 1),
(17426, 'Claudia Miner', 'admin1@gmail.com', '1324570481', 1, 'admin426', '1', 1),
(17427, 'Claudia Miner', 'admin1@gmail.com', '1324570485', 1, 'admin427', '1', 1),
(17428, 'Beth Thompson', 'admin1@gmail.com', '1324570489', 1, 'admin428', '1', 1),
(17429, 'Allen Rosenblatt', 'admin1@gmail.com', '1324570493', 1, 'admin429', '1', 1),
(17430, 'Beth Thompson', 'admin1@gmail.com', '1324570497', 1, 'admin430', '1', 1),
(17431, 'Beth Thompson', 'admin1@gmail.com', '1324570501', 1, 'admin431', '1', 1),
(17432, 'Susan Vittorini', 'admin1@gmail.com', '1324570505', 1, 'admin432', '1', 1),
(17433, 'Sylvia Foulston', 'admin1@gmail.com', '1324570509', 1, 'admin433', '1', 1),
(17434, 'Joy Bell', 'admin1@gmail.com', '1324570513', 1, 'admin434', '1', 1),
(17435, 'Becky Castell', 'admin1@gmail.com', '1324570517', 1, 'admin435', '1', 1),
(17436, 'Carlos Daly', 'admin1@gmail.com', '1324570521', 1, 'admin436', '1', 1),
(17437, 'Cari Schnelling', 'admin1@gmail.com', '1324570525', 1, 'admin437', '1', 1),
(17438, 'Jim Radford', 'admin1@gmail.com', '1324570529', 1, 'admin438', '1', 1),
(17439, 'Allen Rosenblatt', 'admin1@gmail.com', '1324570533', 1, 'admin439', '1', 1),
(17440, 'Dorothy Badders', 'admin1@gmail.com', '1324570537', 1, 'admin440', '1', 1),
(17441, 'Dorothy Badders', 'admin1@gmail.com', '1324570541', 1, 'admin441', '1', 1),
(17442, 'Mike Pelletier', 'admin1@gmail.com', '1324570545', 1, 'admin442', '1', 1),
(17443, 'Mike Pelletier', 'admin1@gmail.com', '1324570549', 1, 'admin443', '1', 1),
(17444, 'Doug Bickford', 'admin1@gmail.com', '1324570553', 1, 'admin444', '1', 1),
(17445, 'Doug Bickford', 'admin1@gmail.com', '1324570557', 1, 'admin445', '1', 1),
(17446, 'Susan Vittorini', 'admin1@gmail.com', '1324570561', 1, 'admin446', '1', 1),
(17447, 'Andrew Gjertsen', 'admin1@gmail.com', '1324570565', 1, 'admin447', '1', 1),
(17448, 'Muhammed MacIntyre', 'admin1@gmail.com', '1324570569', 1, 'admin448', '1', 1),
(17449, 'Muhammed MacIntyre', 'admin1@gmail.com', '1324570573', 1, 'admin449', '1', 1),
(17450, 'Muhammed MacIntyre', 'admin1@gmail.com', '1324570577', 1, 'admin450', '1', 1),
(17451, 'Muhammed MacIntyre', 'admin1@gmail.com', '1324570581', 1, 'admin451', '1', 1),
(17452, 'Jim Radford', 'admin1@gmail.com', '1324570585', 1, 'admin452', '1', 1),
(17453, 'Bryan Davis', 'admin1@gmail.com', '1324570589', 1, 'admin453', '1', 1),
(17454, 'Anthony Johnson', 'admin1@gmail.com', '1324570593', 1, 'admin454', '1', 1),
(17455, 'Anthony Johnson', 'admin1@gmail.com', '1324570597', 1, 'admin455', '1', 1),
(17456, 'Doug Bickford', 'admin1@gmail.com', '1324570601', 1, 'admin456', '1', 1),
(17457, 'Carlos Daly', 'admin1@gmail.com', '1324570605', 1, 'admin457', '1', 1),
(17458, 'Don Miller', 'admin1@gmail.com', '1324570609', 1, 'admin458', '1', 1),
(17459, 'Don Jones', 'admin1@gmail.com', '1324570613', 1, 'admin459', '1', 1),
(17460, 'Chad Cunningham', 'admin1@gmail.com', '1324570617', 1, 'admin460', '1', 1),
(17461, 'Ralph Arnett', 'admin1@gmail.com', '1324570621', 1, 'admin461', '1', 1),
(17462, 'Ralph Arnett', 'admin1@gmail.com', '1324570625', 1, 'admin462', '1', 1),
(17463, 'Nicole Hansen', 'admin1@gmail.com', '1324570629', 1, 'admin463', '1', 1),
(17464, 'Fred Wasserman', 'admin1@gmail.com', '1324570633', 1, 'admin464', '1', 1),
(17465, 'Bryan Mills', 'admin1@gmail.com', '1324570637', 1, 'admin465', '1', 1),
(17466, 'Ralph Arnett', 'admin1@gmail.com', '1324570641', 1, 'admin466', '1', 1),
(17467, 'Doug Bickford', 'admin1@gmail.com', '1324570645', 1, 'admin467', '1', 1),
(17468, 'Eugene Barchas', 'admin1@gmail.com', '1324570649', 1, 'admin468', '1', 1),
(17469, 'Brad Eason', 'admin1@gmail.com', '1324570653', 1, 'admin469', '1', 1),
(17470, 'Brad Eason', 'admin1@gmail.com', '1324570657', 1, 'admin470', '1', 1),
(17471, 'Dorothy Wardle', 'admin1@gmail.com', '1324570661', 1, 'admin471', '1', 1),
(17472, 'Ralph Knight', 'admin1@gmail.com', '1324570665', 1, 'admin472', '1', 1),
(17473, 'Sylvia Foulston', 'admin1@gmail.com', '1324570669', 1, 'admin473', '1', 1),
(17474, 'Neola Schneider', 'admin1@gmail.com', '1324570673', 1, 'admin474', '1', 1),
(17475, 'Neola Schneider', 'admin1@gmail.com', '1324570677', 1, 'admin475', '1', 1),
(17476, 'Grant Carroll', 'admin1@gmail.com', '1324570681', 1, 'admin476', '1', 1),
(17477, 'Grant Carroll', 'admin1@gmail.com', '1324570685', 1, 'admin477', '1', 1),
(17478, 'Grant Carroll', 'admin1@gmail.com', '1324570689', 1, 'admin478', '1', 1),
(17479, 'Julia West', 'admin1@gmail.com', '1324570693', 1, 'admin479', '1', 1),
(17480, 'Muhammed MacIntyre', 'admin1@gmail.com', '1324570697', 1, 'admin480', '1', 1),
(17481, 'Susan Vittorini', 'admin1@gmail.com', '1324570701', 1, 'admin481', '1', 1),
(17482, 'Sylvia Foulston', 'admin1@gmail.com', '1324570705', 1, 'admin482', '1', 1),
(17483, 'Doug Bickford', 'admin1@gmail.com', '1324570709', 1, 'admin483', '1', 1),
(17484, 'Doug Bickford', 'admin1@gmail.com', '1324570713', 1, 'admin484', '1', 1),
(17485, 'Doug Bickford', 'admin1@gmail.com', '1324570717', 1, 'admin485', '1', 1),
(17486, 'Dorothy Badders', 'admin1@gmail.com', '1324570721', 1, 'admin486', '1', 1),
(17487, 'Henry Goldwyn', 'admin1@gmail.com', '1324570725', 1, 'admin487', '1', 1),
(17488, 'Henry Goldwyn', 'admin1@gmail.com', '1324570729', 1, 'admin488', '1', 1),
(17489, 'Henry Goldwyn', 'admin1@gmail.com', '1324570733', 1, 'admin489', '1', 1),
(17490, 'Grant Carroll', 'admin1@gmail.com', '1324570737', 1, 'admin490', '1', 1),
(17491, 'Chad Cunningham', 'admin1@gmail.com', '1324570741', 1, 'admin491', '1', 1),
(17492, 'Beth Thompson', 'admin1@gmail.com', '1324570745', 1, 'admin492', '1', 1),
(17493, 'Beth Thompson', 'admin1@gmail.com', '1324570749', 1, 'admin493', '1', 1),
(17494, 'Andrew Gjertsen', 'admin1@gmail.com', '1324570753', 1, 'admin494', '1', 1),
(17495, 'Andrew Gjertsen', 'admin1@gmail.com', '1324570757', 1, 'admin495', '1', 1),
(17496, 'Sylvia Foulston', 'admin1@gmail.com', '1324570761', 1, 'admin496', '1', 1),
(17497, 'Michelle Lonsdale', 'admin1@gmail.com', '1324570765', 1, 'admin497', '1', 1),
(17498, 'Michelle Lonsdale', 'admin1@gmail.com', '1324570769', 1, 'admin498', '1', 1),
(17499, 'Cari Schnelling', 'admin1@gmail.com', '1324570773', 1, 'admin499', '1', 1),
(17500, 'Henry Goldwyn', 'admin1@gmail.com', '1324570777', 1, 'admin500', '1', 1),
(17501, 'Edward Hooks', 'admin1@gmail.com', '1324570781', 1, 'admin501', '1', 1),
(17502, 'Brendan Dodson', 'admin1@gmail.com', '1324570785', 1, 'admin502', '1', 1),
(17503, 'Brendan Dodson', 'admin1@gmail.com', '1324570789', 1, 'admin503', '1', 1),
(17504, 'Harold Engle', 'admin1@gmail.com', '1324570793', 1, 'admin504', '1', 1),
(17505, 'Roy French', 'admin1@gmail.com', '1324570797', 1, 'admin505', '1', 1),
(17506, 'Helen Abelman', 'admin1@gmail.com', '1324570801', 1, 'admin506', '1', 1),
(17507, 'Guy Armstrong', 'admin1@gmail.com', '1324570805', 1, 'admin507', '1', 1),
(17508, 'Jennifer Braxton', 'admin1@gmail.com', '1324570809', 1, 'admin508', '1', 1),
(17509, 'Giulietta Baptist', 'admin1@gmail.com', '1324570813', 1, 'admin509', '1', 1),
(17510, 'Jack Lebron', 'admin1@gmail.com', '1324570817', 1, 'admin510', '1', 1),
(17511, 'Jack Lebron', 'admin1@gmail.com', '1324570821', 1, 'admin511', '1', 1),
(17512, 'Erica Bern', 'admin1@gmail.com', '1324570825', 1, 'admin512', '1', 1),
(17513, 'Erica Bern', 'admin1@gmail.com', '1324570829', 1, 'admin513', '1', 1),
(17514, 'Helen Abelman', 'admin1@gmail.com', '1324570833', 1, 'admin514', '1', 1),
(17515, 'Guy Armstrong', 'admin1@gmail.com', '1324570837', 1, 'admin515', '1', 1),
(17516, 'Helen Abelman', 'admin1@gmail.com', '1324570841', 1, 'admin516', '1', 1),
(17517, 'Christopher Schild', 'admin1@gmail.com', '1324570845', 1, 'admin517', '1', 1),
(17518, 'Roy French', 'admin1@gmail.com', '1324570849', 1, 'admin518', '1', 1),
(17519, 'Roy French', 'admin1@gmail.com', '1324570853', 1, 'admin519', '1', 1),
(17520, 'Jennifer Braxton', 'admin1@gmail.com', '1324570857', 1, 'admin520', '1', 1),
(17521, 'Jennifer Braxton', 'admin1@gmail.com', '1324570861', 1, 'admin521', '1', 1),
(17522, 'Joy Smith', 'admin1@gmail.com', '1324570865', 1, 'admin522', '1', 1),
(17523, 'Evan Minnotte', 'admin1@gmail.com', '1324570869', 1, 'admin523', '1', 1),
(17524, 'Evan Minnotte', 'admin1@gmail.com', '1324570873', 1, 'admin524', '1', 1),
(17525, 'Jenna Caffey', 'admin1@gmail.com', '1324570877', 1, 'admin525', '1', 1),
(17526, 'Harold Engle', 'admin1@gmail.com', '1324570881', 1, 'admin526', '1', 1),
(17527, 'Harold Engle', 'admin1@gmail.com', '1324570885', 1, 'admin527', '1', 1),
(17528, 'Harold Engle', 'admin1@gmail.com', '1324570889', 1, 'admin528', '1', 1),
(17529, 'Harold Engle', 'admin1@gmail.com', '1324570893', 1, 'admin529', '1', 1),
(17530, 'Harold Engle', 'admin1@gmail.com', '1324570897', 1, 'admin530', '1', 1),
(17531, 'Hilary Holden', 'admin1@gmail.com', '1324570901', 1, 'admin531', '1', 1),
(17532, 'Hilary Holden', 'admin1@gmail.com', '1324570905', 1, 'admin532', '1', 1),
(17533, 'Hilary Holden', 'admin1@gmail.com', '1324570909', 1, 'admin533', '1', 1),
(17534, 'Hilary Holden', 'admin1@gmail.com', '1324570913', 1, 'admin534', '1', 1),
(17535, 'Christopher Schild', 'admin1@gmail.com', '1324570917', 1, 'admin535', '1', 1),
(17536, 'Harold Engle', 'admin1@gmail.com', '1324570921', 1, 'admin536', '1', 1),
(17537, 'Greg Guthrie', 'admin1@gmail.com', '1324570925', 1, 'admin537', '1', 1),
(17538, 'Greg Guthrie', 'admin1@gmail.com', '1324570929', 1, 'admin538', '1', 1),
(17539, 'Greg Guthrie', 'admin1@gmail.com', '1324570933', 1, 'admin539', '1', 1),
(17540, 'Greg Guthrie', 'admin1@gmail.com', '1324570937', 1, 'admin540', '1', 1),
(17541, 'Guy Armstrong', 'admin1@gmail.com', '1324570941', 1, 'admin541', '1', 1),
(17542, 'Guy Armstrong', 'admin1@gmail.com', '1324570945', 1, 'admin542', '1', 1),
(17543, 'Joy Smith', 'admin1@gmail.com', '1324570949', 1, 'admin543', '1', 1),
(17544, 'Joy Smith', 'admin1@gmail.com', '1324570953', 1, 'admin544', '1', 1),
(17545, 'Erica Bern', 'admin1@gmail.com', '1324570957', 1, 'admin545', '1', 1),
(17546, 'Erica Bern', 'admin1@gmail.com', '1324570961', 1, 'admin546', '1', 1),
(17547, 'Dan Reichenbach', 'admin1@gmail.com', '1324570965', 1, 'admin547', '1', 1),
(17548, 'Erica Bern', 'admin1@gmail.com', '1324570969', 1, 'admin548', '1', 1),
(17549, 'Guy Armstrong', 'admin1@gmail.com', '1324570973', 1, 'admin549', '1', 1),
(17550, 'Guy Armstrong', 'admin1@gmail.com', '1324570977', 1, 'admin550', '1', 1),
(17551, 'Evan Minnotte', 'admin1@gmail.com', '1324570981', 1, 'admin551', '1', 1),
(17552, 'Joy Smith', 'admin1@gmail.com', '1324570985', 1, 'admin552', '1', 1),
(17553, 'Joy Smith', 'admin1@gmail.com', '1324570989', 1, 'admin553', '1', 1),
(17554, 'Joy Smith', 'admin1@gmail.com', '1324570993', 1, 'admin554', '1', 1),
(17555, 'Paul Gonzalez', 'admin1@gmail.com', '1324570997', 1, 'admin555', '1', 1),
(17556, 'Filia McAdams', 'admin1@gmail.com', '1324571001', 1, 'admin556', '1', 1),
(17557, 'Joy Smith', 'admin1@gmail.com', '1324571005', 1, 'admin557', '1', 1),
(17558, 'Greg Guthrie', 'admin1@gmail.com', '1324571009', 1, 'admin558', '1', 1),
(17559, 'Greg Guthrie', 'admin1@gmail.com', '1324571013', 1, 'admin559', '1', 1),
(17560, 'Joy Smith', 'admin1@gmail.com', '1324571017', 1, 'admin560', '1', 1),
(17561, 'Joy Smith', 'admin1@gmail.com', '1324571021', 1, 'admin561', '1', 1),
(17562, 'Greg Guthrie', 'admin1@gmail.com', '1324571025', 1, 'admin562', '1', 1),
(17563, 'Greg Guthrie', 'admin1@gmail.com', '1324571029', 1, 'admin563', '1', 1),
(17564, 'Jack Lebron', 'admin1@gmail.com', '1324571033', 1, 'admin564', '1', 1),
(17565, 'Joy Smith', 'admin1@gmail.com', '1324571037', 1, 'admin565', '1', 1),
(17566, 'Evan Minnotte', 'admin1@gmail.com', '1324571041', 1, 'admin566', '1', 1),
(17567, 'Chuck Magee', 'admin1@gmail.com', '1324571045', 1, 'admin567', '1', 1),
(17568, 'Chuck Magee', 'admin1@gmail.com', '1324571049', 1, 'admin568', '1', 1),
(17569, 'Filia McAdams', 'admin1@gmail.com', '1324571053', 1, 'admin569', '1', 1),
(17570, 'Jack Lebron', 'admin1@gmail.com', '1324571057', 1, 'admin570', '1', 1),
(17571, 'Jack Lebron', 'admin1@gmail.com', '1324571061', 1, 'admin571', '1', 1),
(17572, 'Jack Lebron', 'admin1@gmail.com', '1324571065', 1, 'admin572', '1', 1),
(17573, 'Harold Engle', 'admin1@gmail.com', '1324571069', 1, 'admin573', '1', 1),
(17574, 'Harold Engle', 'admin1@gmail.com', '1324571073', 1, 'admin574', '1', 1),
(17575, 'Jack Lebron', 'admin1@gmail.com', '1324571077', 1, 'admin575', '1', 1),
(17576, 'Jack Lebron', 'admin1@gmail.com', '1324571081', 1, 'admin576', '1', 1),
(17577, 'Frank Atkinson', 'admin1@gmail.com', '1324571085', 1, 'admin577', '1', 1),
(17578, 'Frank Atkinson', 'admin1@gmail.com', '1324571089', 1, 'admin578', '1', 1),
(17579, 'Jack Lebron', 'admin1@gmail.com', '1324571093', 1, 'admin579', '1', 1),
(17580, 'Jack Lebron', 'admin1@gmail.com', '1324571097', 1, 'admin580', '1', 1),
(17581, 'Evan Minnotte', 'admin1@gmail.com', '1324571101', 1, 'admin581', '1', 1),
(17582, 'Joy Smith', 'admin1@gmail.com', '1324571105', 1, 'admin582', '1', 1),
(17583, 'Dan Reichenbach', 'admin1@gmail.com', '1324571109', 1, 'admin583', '1', 1),
(17584, 'Jack Lebron', 'admin1@gmail.com', '1324571113', 1, 'admin584', '1', 1),
(17585, 'Frank Atkinson', 'admin1@gmail.com', '1324571117', 1, 'admin585', '1', 1),
(17586, 'Frank Atkinson', 'admin1@gmail.com', '1324571121', 1, 'admin586', '1', 1),
(17587, 'Erica Bern', 'admin1@gmail.com', '1324571125', 1, 'admin587', '1', 1),
(17588, 'Jack Lebron', 'admin1@gmail.com', '1324571129', 1, 'admin588', '1', 1),
(17589, 'Filia McAdams', 'admin1@gmail.com', '1324571133', 1, 'admin589', '1', 1),
(17590, 'Jack Lebron', 'admin1@gmail.com', '1324571137', 1, 'admin590', '1', 1),
(17591, 'Jack Lebron', 'admin1@gmail.com', '1324571141', 1, 'admin591', '1', 1),
(17592, 'Giulietta Baptist', 'admin1@gmail.com', '1324571145', 1, 'admin592', '1', 1),
(17593, 'Joy Smith', 'admin1@gmail.com', '1324571149', 1, 'admin593', '1', 1),
(17594, 'Joy Smith', 'admin1@gmail.com', '1324571153', 1, 'admin594', '1', 1),
(17595, 'Joy Smith', 'admin1@gmail.com', '1324571157', 1, 'admin595', '1', 1),
(17596, 'Greg Guthrie', 'admin1@gmail.com', '1324571161', 1, 'admin596', '1', 1),
(17597, 'Carlos Soltero', 'admin1@gmail.com', '1324571165', 1, 'admin597', '1', 1),
(17598, 'Carlos Soltero', 'admin1@gmail.com', '1324571169', 1, 'admin598', '1', 1),
(17599, 'Harold Engle', 'admin1@gmail.com', '1324571173', 1, 'admin599', '1', 1),
(17600, 'Erica Bern', 'admin1@gmail.com', '1324571177', 1, 'admin600', '1', 1),
(17601, 'Erica Bern', 'admin1@gmail.com', '1324571181', 1, 'admin601', '1', 1),
(17602, 'Hilary Holden', 'admin1@gmail.com', '1324571185', 1, 'admin602', '1', 1),
(17603, 'Hilary Holden', 'admin1@gmail.com', '1324571189', 1, 'admin603', '1', 1),
(17604, 'Jack Lebron', 'admin1@gmail.com', '1324571193', 1, 'admin604', '1', 1),
(17605, 'Filia McAdams', 'admin1@gmail.com', '1324571197', 1, 'admin605', '1', 1),
(17606, 'Filia McAdams', 'admin1@gmail.com', '1324571201', 1, 'admin606', '1', 1),
(17607, 'Greg Guthrie', 'admin1@gmail.com', '1324571205', 1, 'admin607', '1', 1),
(17608, 'Greg Guthrie', 'admin1@gmail.com', '1324571209', 1, 'admin608', '1', 1),
(17609, 'Harold Engle', 'admin1@gmail.com', '1324571213', 1, 'admin609', '1', 1),
(17610, 'Philip Brown', 'admin1@gmail.com', '1324571217', 1, 'admin610', '1', 1),
(17611, 'Helen Abelman', 'admin1@gmail.com', '1324571221', 1, 'admin611', '1', 1),
(17612, 'Hilary Holden', 'admin1@gmail.com', '1324571225', 1, 'admin612', '1', 1),
(17613, 'Hilary Holden', 'admin1@gmail.com', '1324571229', 1, 'admin613', '1', 1),
(17614, 'Christopher Schild', 'admin1@gmail.com', '1324571233', 1, 'admin614', '1', 1),
(17615, 'Carlos Soltero', 'admin1@gmail.com', '1324571237', 1, 'admin615', '1', 1),
(17616, 'Carlos Soltero', 'admin1@gmail.com', '1324571241', 1, 'admin616', '1', 1),
(17617, 'Erica Bern', 'admin1@gmail.com', '1324571245', 1, 'admin617', '1', 1),
(17618, 'Erica Bern', 'admin1@gmail.com', '1324571249', 1, 'admin618', '1', 1),
(17619, 'Erica Bern', 'admin1@gmail.com', '1324571253', 1, 'admin619', '1', 1),
(17620, 'Erica Bern', 'admin1@gmail.com', '1324571257', 1, 'admin620', '1', 1),
(17621, 'Joy Smith', 'admin1@gmail.com', '1324571261', 1, 'admin621', '1', 1),
(17622, 'Joy Smith', 'admin1@gmail.com', '1324571265', 1, 'admin622', '1', 1),
(17623, 'Christopher Schild', 'admin1@gmail.com', '1324571269', 1, 'admin623', '1', 1),
(17624, 'Christopher Schild', 'admin1@gmail.com', '1324571273', 1, 'admin624', '1', 1),
(17625, 'Christopher Schild', 'admin1@gmail.com', '1324571277', 1, 'admin625', '1', 1),
(17626, 'Christopher Schild', 'admin1@gmail.com', '1324571281', 1, 'admin626', '1', 1),
(17627, 'Evan Minnotte', 'admin1@gmail.com', '1324571285', 1, 'admin627', '1', 1),
(17628, 'Christopher Schild', 'admin1@gmail.com', '1324571289', 1, 'admin628', '1', 1),
(17629, 'Greg Guthrie', 'admin1@gmail.com', '1324571293', 1, 'admin629', '1', 1),
(17630, 'Harold Engle', 'admin1@gmail.com', '1324571297', 1, 'admin630', '1', 1),
(17631, 'Philip Brown', 'admin1@gmail.com', '1324571301', 1, 'admin631', '1', 1),
(17632, 'Carlos Soltero', 'admin1@gmail.com', '1324571305', 1, 'admin632', '1', 1),
(17633, 'Jennifer Braxton', 'admin1@gmail.com', '1324571309', 1, 'admin633', '1', 1),
(17634, 'Dan Reichenbach', 'admin1@gmail.com', '1324571313', 1, 'admin634', '1', 1),
(17635, 'Dan Reichenbach', 'admin1@gmail.com', '1324571317', 1, 'admin635', '1', 1),
(17636, 'Dan Reichenbach', 'admin1@gmail.com', '1324571321', 1, 'admin636', '1', 1),
(17637, 'Carlos Soltero', 'admin1@gmail.com', '1324571325', 1, 'admin637', '1', 1),
(17638, 'Carlos Soltero', 'admin1@gmail.com', '1324571329', 1, 'admin638', '1', 1),
(17639, 'Carlos Soltero', 'admin1@gmail.com', '1324571333', 1, 'admin639', '1', 1),
(17640, 'Giulietta Baptist', 'admin1@gmail.com', '1324571337', 1, 'admin640', '1', 1),
(17641, 'Jack Lebron', 'admin1@gmail.com', '1324571341', 1, 'admin641', '1', 1),
(17642, 'Guy Armstrong', 'admin1@gmail.com', '1324571345', 1, 'admin642', '1', 1),
(17643, 'Hilary Holden', 'admin1@gmail.com', '1324571349', 1, 'admin643', '1', 1),
(17644, 'Jack Lebron', 'admin1@gmail.com', '1324571353', 1, 'admin644', '1', 1),
(17645, 'Erica Bern', 'admin1@gmail.com', '1324571357', 1, 'admin645', '1', 1),
(17646, 'Erica Bern', 'admin1@gmail.com', '1324571361', 1, 'admin646', '1', 1),
(17647, 'Harold Engle', 'admin1@gmail.com', '1324571365', 1, 'admin647', '1', 1),
(17648, 'Harold Engle', 'admin1@gmail.com', '1324571369', 1, 'admin648', '1', 1),
(17649, 'Jim Sink', 'admin1@gmail.com', '1324571373', 1, 'admin649', '1', 1),
(17650, 'Jennifer Braxton', 'admin1@gmail.com', '1324571377', 1, 'admin650', '1', 1),
(17651, 'Jennifer Braxton', 'admin1@gmail.com', '1324571381', 1, 'admin651', '1', 1),
(17652, 'Jennifer Braxton', 'admin1@gmail.com', '1324571385', 1, 'admin652', '1', 1),
(17653, 'Joy Smith', 'admin1@gmail.com', '1324571389', 1, 'admin653', '1', 1),
(17654, 'Joy Smith', 'admin1@gmail.com', '1324571393', 1, 'admin654', '1', 1),
(17655, 'Harold Engle', 'admin1@gmail.com', '1324571397', 1, 'admin655', '1', 1),
(17656, 'Philip Brown', 'admin1@gmail.com', '1324571401', 1, 'admin656', '1', 1),
(17657, 'Philip Brown', 'admin1@gmail.com', '1324571405', 1, 'admin657', '1', 1),
(17658, 'Philip Brown', 'admin1@gmail.com', '1324571409', 1, 'admin658', '1', 1),
(17659, 'Giulietta Baptist', 'admin1@gmail.com', '1324571413', 1, 'admin659', '1', 1),
(17660, 'Giulietta Baptist', 'admin1@gmail.com', '1324571417', 1, 'admin660', '1', 1),
(17661, 'Paul Gonzalez', 'admin1@gmail.com', '1324571421', 1, 'admin661', '1', 1),
(17662, 'Logan Haushalter', 'admin1@gmail.com', '1324571425', 1, 'admin662', '1', 1),
(17663, 'Logan Haushalter', 'admin1@gmail.com', '1324571429', 1, 'admin663', '1', 1),
(17664, 'Filia McAdams', 'admin1@gmail.com', '1324571433', 1, 'admin664', '1', 1),
(17665, 'Carlos Soltero', 'admin1@gmail.com', '1324571437', 1, 'admin665', '1', 1),
(17666, 'Carlos Soltero', 'admin1@gmail.com', '1324571441', 1, 'admin666', '1', 1),
(17667, 'Erica Bern', 'admin1@gmail.com', '1324571445', 1, 'admin667', '1', 1),
(17668, 'Erica Bern', 'admin1@gmail.com', '1324571449', 1, 'admin668', '1', 1),
(17669, 'Greg Guthrie', 'admin1@gmail.com', '1324571453', 1, 'admin669', '1', 1),
(17670, 'Dan Reichenbach', 'admin1@gmail.com', '1324571457', 1, 'admin670', '1', 1),
(17671, 'Jim Sink', 'admin1@gmail.com', '1324571461', 1, 'admin671', '1', 1),
(17672, 'Jim Sink', 'admin1@gmail.com', '1324571465', 1, 'admin672', '1', 1),
(17673, 'Carlos Soltero', 'admin1@gmail.com', '1324571469', 1, 'admin673', '1', 1),
(17674, 'Carlos Soltero', 'admin1@gmail.com', '1324571473', 1, 'admin674', '1', 1),
(17675, 'Carlos Soltero', 'admin1@gmail.com', '1324571477', 1, 'admin675', '1', 1),
(17676, 'Chuck Magee', 'admin1@gmail.com', '1324571481', 1, 'admin676', '1', 1),
(17677, 'Philip Brown', 'admin1@gmail.com', '1324571485', 1, 'admin677', '1', 1),
(17678, 'Hilary Holden', 'admin1@gmail.com', '1324571489', 1, 'admin678', '1', 1),
(17679, 'Hilary Holden', 'admin1@gmail.com', '1324571493', 1, 'admin679', '1', 1),
(17680, 'Hilary Holden', 'admin1@gmail.com', '1324571497', 1, 'admin680', '1', 1),
(17681, 'Hilary Holden', 'admin1@gmail.com', '1324571501', 1, 'admin681', '1', 1),
(17682, 'Greg Guthrie', 'admin1@gmail.com', '1324571505', 1, 'admin682', '1', 1),
(17683, 'Jennifer Braxton', 'admin1@gmail.com', '1324571509', 1, 'admin683', '1', 1),
(17684, 'Jennifer Braxton', 'admin1@gmail.com', '1324571513', 1, 'admin684', '1', 1),
(17685, 'Erica Bern', 'admin1@gmail.com', '1324571517', 1, 'admin685', '1', 1),
(17686, 'Jim Sink', 'admin1@gmail.com', '1324571521', 1, 'admin686', '1', 1),
(17687, 'Noah Childs', 'admin1@gmail.com', '1324571525', 1, 'admin687', '1', 1),
(17688, 'Noah Childs', 'admin1@gmail.com', '1324571529', 1, 'admin688', '1', 1),
(17689, 'Noah Childs', 'admin1@gmail.com', '1324571533', 1, 'admin689', '1', 1),
(17690, 'Evan Minnotte', 'admin1@gmail.com', '1324571537', 1, 'admin690', '1', 1),
(17691, 'Guy Armstrong', 'admin1@gmail.com', '1324571541', 1, 'admin691', '1', 1),
(17692, 'Guy Armstrong', 'admin1@gmail.com', '1324571545', 1, 'admin692', '1', 1),
(17693, 'Guy Armstrong', 'admin1@gmail.com', '1324571549', 1, 'admin693', '1', 1),
(17694, 'Chuck Magee', 'admin1@gmail.com', '1324571553', 1, 'admin694', '1', 1),
(17695, 'Greg Guthrie', 'admin1@gmail.com', '1324571557', 1, 'admin695', '1', 1),
(17696, 'Greg Guthrie', 'admin1@gmail.com', '1324571561', 1, 'admin696', '1', 1),
(17697, 'Carlos Soltero', 'admin1@gmail.com', '1324571565', 1, 'admin697', '1', 1),
(17698, 'Greg Guthrie', 'admin1@gmail.com', '1324571569', 1, 'admin698', '1', 1),
(17699, 'Greg Guthrie', 'admin1@gmail.com', '1324571573', 1, 'admin699', '1', 1),
(17700, 'Greg Guthrie', 'admin1@gmail.com', '1324571577', 1, 'admin700', '1', 1),
(17701, 'Carlos Soltero', 'admin1@gmail.com', '1324571581', 1, 'admin701', '1', 1),
(17702, 'Carlos Soltero', 'admin1@gmail.com', '1324571585', 1, 'admin702', '1', 1),
(17703, 'Greg Guthrie', 'admin1@gmail.com', '1324571589', 1, 'admin703', '1', 1),
(17704, 'Greg Guthrie', 'admin1@gmail.com', '1324571593', 1, 'admin704', '1', 1),
(17705, 'Christopher Schild', 'admin1@gmail.com', '1324571597', 1, 'admin705', '1', 1),
(17706, 'Joy Smith', 'admin1@gmail.com', '1324571601', 1, 'admin706', '1', 1),
(17707, 'Joy Smith', 'admin1@gmail.com', '1324571605', 1, 'admin707', '1', 1),
(17708, 'Joy Smith', 'admin1@gmail.com', '1324571609', 1, 'admin708', '1', 1),
(17709, 'Joy Smith', 'admin1@gmail.com', '1324571613', 1, 'admin709', '1', 1),
(17710, 'Joy Smith', 'admin1@gmail.com', '1324571617', 1, 'admin710', '1', 1),
(17711, 'Joy Smith', 'admin1@gmail.com', '1324571621', 1, 'admin711', '1', 1),
(17712, 'Joy Smith', 'admin1@gmail.com', '1324571625', 1, 'admin712', '1', 1),
(17713, 'Guy Armstrong', 'admin1@gmail.com', '1324571629', 1, 'admin713', '1', 1),
(17714, 'Brian Moss', 'admin1@gmail.com', '1324571633', 1, 'admin714', '1', 1),
(17715, 'Brian Moss', 'admin1@gmail.com', '1324571637', 1, 'admin715', '1', 1),
(17716, 'Logan Haushalter', 'admin1@gmail.com', '1324571641', 1, 'admin716', '1', 1),
(17717, 'Guy Armstrong', 'admin1@gmail.com', '1324571645', 1, 'admin717', '1', 1),
(17718, 'Guy Armstrong', 'admin1@gmail.com', '1324571649', 1, 'admin718', '1', 1),
(17719, 'Guy Armstrong', 'admin1@gmail.com', '1324571653', 1, 'admin719', '1', 1),
(17720, 'Christopher Schild', 'admin1@gmail.com', '1324571657', 1, 'admin720', '1', 1),
(17721, 'Jim Sink', 'admin1@gmail.com', '1324571661', 1, 'admin721', '1', 1),
(17722, 'Carlos Soltero', 'admin1@gmail.com', '1324571665', 1, 'admin722', '1', 1),
(17723, 'Jennifer Braxton', 'admin1@gmail.com', '1324571669', 1, 'admin723', '1', 1),
(17724, 'Brian Moss', 'admin1@gmail.com', '1324571673', 1, 'admin724', '1', 1),
(17725, 'Harold Engle', 'admin1@gmail.com', '1324571677', 1, 'admin725', '1', 1),
(17726, 'Harold Engle', 'admin1@gmail.com', '1324571681', 1, 'admin726', '1', 1),
(17727, 'Carlos Soltero', 'admin1@gmail.com', '1324571685', 1, 'admin727', '1', 1),
(17728, 'Hilary Holden', 'admin1@gmail.com', '1324571689', 1, 'admin728', '1', 1),
(17729, 'Hilary Holden', 'admin1@gmail.com', '1324571693', 1, 'admin729', '1', 1),
(17730, 'Logan Haushalter', 'admin1@gmail.com', '1324571697', 1, 'admin730', '1', 1),
(17731, 'Guy Armstrong', 'admin1@gmail.com', '1324571701', 1, 'admin731', '1', 1),
(17732, 'Erica Bern', 'admin1@gmail.com', '1324571705', 1, 'admin732', '1', 1),
(17733, 'Logan Haushalter', 'admin1@gmail.com', '1324571709', 1, 'admin733', '1', 1),
(17734, 'Logan Haushalter', 'admin1@gmail.com', '1324571713', 1, 'admin734', '1', 1),
(17735, 'Harold Engle', 'admin1@gmail.com', '1324571717', 1, 'admin735', '1', 1),
(17736, 'Christopher Schild', 'admin1@gmail.com', '1324571721', 1, 'admin736', '1', 1),
(17737, 'Helen Abelman', 'admin1@gmail.com', '1324571725', 1, 'admin737', '1', 1),
(17738, 'Helen Abelman', 'admin1@gmail.com', '1324571729', 1, 'admin738', '1', 1),
(17739, 'Jack Lebron', 'admin1@gmail.com', '1324571733', 1, 'admin739', '1', 1),
(17740, 'Jack Lebron', 'admin1@gmail.com', '1324571737', 1, 'admin740', '1', 1),
(17741, 'Jack Lebron', 'admin1@gmail.com', '1324571741', 1, 'admin741', '1', 1),
(17742, 'Giulietta Baptist', 'admin1@gmail.com', '1324571745', 1, 'admin742', '1', 1),
(17743, 'Giulietta Baptist', 'admin1@gmail.com', '1324571749', 1, 'admin743', '1', 1),
(17744, 'Jim Sink', 'admin1@gmail.com', '1324571753', 1, 'admin744', '1', 1),
(17745, 'Julie Creighton', 'admin1@gmail.com', '1324571757', 1, 'admin745', '1', 1),
(17746, 'Julie Creighton', 'admin1@gmail.com', '1324571761', 1, 'admin746', '1', 1),
(17747, 'Sanjit Chand', 'admin1@gmail.com', '1324571765', 1, 'admin747', '1', 1),
(17748, 'Matt Collins', 'admin1@gmail.com', '1324571769', 1, 'admin748', '1', 1),
(17749, 'Matt Collins', 'admin1@gmail.com', '1324571773', 1, 'admin749', '1', 1),
(17750, 'Matt Collins', 'admin1@gmail.com', '1324571777', 1, 'admin750', '1', 1),
(17751, 'Matt Collins', 'admin1@gmail.com', '1324571781', 1, 'admin751', '1', 1),
(17752, 'Justin Knight', 'admin1@gmail.com', '1324571785', 1, 'admin752', '1', 1),
(17753, 'Rob Haberlin', 'admin1@gmail.com', '1324571789', 1, 'admin753', '1', 1),
(17754, 'Rob Haberlin', 'admin1@gmail.com', '1324571793', 1, 'admin754', '1', 1),
(17755, 'Rob Haberlin', 'admin1@gmail.com', '1324571797', 1, 'admin755', '1', 1),
(17756, 'Rob Haberlin', 'admin1@gmail.com', '1324571801', 1, 'admin756', '1', 1),
(17757, 'Rob Haberlin', 'admin1@gmail.com', '1324571805', 1, 'admin757', '1', 1),
(17758, 'Christina Vanderzanden', 'admin1@gmail.com', '1324571809', 1, 'admin758', '1', 1),
(17759, 'Christina Vanderzanden', 'admin1@gmail.com', '1324571813', 1, 'admin759', '1', 1),
(17760, 'Matt Collins', 'admin1@gmail.com', '1324571817', 1, 'admin760', '1', 1),
(17761, 'Matt Collins', 'admin1@gmail.com', '1324571821', 1, 'admin761', '1', 1),
(17762, 'Sanjit Chand', 'admin1@gmail.com', '1324571825', 1, 'admin762', '1', 1),
(17763, 'Matt Collins', 'admin1@gmail.com', '1324571829', 1, 'admin763', '1', 1),
(17764, 'Justin Knight', 'admin1@gmail.com', '1324571833', 1, 'admin764', '1', 1),
(17765, 'Justin Knight', 'admin1@gmail.com', '1324571837', 1, 'admin765', '1', 1),
(17766, 'Rob Haberlin', 'admin1@gmail.com', '1324571841', 1, 'admin766', '1', 1),
(17767, 'Lena Cacioppo', 'admin1@gmail.com', '1324571845', 1, 'admin767', '1', 1),
(17768, 'Lena Cacioppo', 'admin1@gmail.com', '1324571849', 1, 'admin768', '1', 1),
(17769, 'Kimberly Carter', 'admin1@gmail.com', '1324571853', 1, 'admin769', '1', 1),
(17770, 'Gene Hale', 'admin1@gmail.com', '1324571857', 1, 'admin770', '1', 1),
(17771, 'Christina Vanderzanden', 'admin1@gmail.com', '1324571861', 1, 'admin771', '1', 1),
(17772, 'Matt Collins', 'admin1@gmail.com', '1324571865', 1, 'admin772', '1', 1),
(17773, 'Sally Knutson', 'admin1@gmail.com', '1324571869', 1, 'admin773', '1', 1),
(17774, 'Kimberly Carter', 'admin1@gmail.com', '1324571873', 1, 'admin774', '1', 1),
(17775, 'Christina Vanderzanden', 'admin1@gmail.com', '1324571877', 1, 'admin775', '1', 1),
(17776, 'Christina Vanderzanden', 'admin1@gmail.com', '1324571881', 1, 'admin776', '1', 1),
(17777, 'Kimberly Carter', 'admin1@gmail.com', '1324571885', 1, 'admin777', '1', 1),
(17778, 'Kimberly Carter', 'admin1@gmail.com', '1324571889', 1, 'admin778', '1', 1),
(17779, 'Rob Haberlin', 'admin1@gmail.com', '1324571893', 1, 'admin779', '1', 1),
(17780, 'Rob Haberlin', 'admin1@gmail.com', '1324571897', 1, 'admin780', '1', 1),
(17781, 'Rob Haberlin', 'admin1@gmail.com', '1324571901', 1, 'admin781', '1', 1),
(17782, 'Justin Knight', 'admin1@gmail.com', '1324571905', 1, 'admin782', '1', 1),
(17783, 'Justin Knight', 'admin1@gmail.com', '1324571909', 1, 'admin783', '1', 1),
(17784, 'Justin Knight', 'admin1@gmail.com', '1324571913', 1, 'admin784', '1', 1),
(17785, 'Christina Vanderzanden', 'admin1@gmail.com', '1324571917', 1, 'admin785', '1', 1),
(17786, 'Marina Lichtenstein', 'admin1@gmail.com', '1324571921', 1, 'admin786', '1', 1),
(17787, 'Marina Lichtenstein', 'admin1@gmail.com', '1324571925', 1, 'admin787', '1', 1),
(17788, 'Justin Knight', 'admin1@gmail.com', '1324571929', 1, 'admin788', '1', 1),
(17789, 'Justin Knight', 'admin1@gmail.com', '1324571933', 1, 'admin789', '1', 1),
(17790, 'Gene Hale', 'admin1@gmail.com', '1324571937', 1, 'admin790', '1', 1),
(17791, 'Gene Hale', 'admin1@gmail.com', '1324571941', 1, 'admin791', '1', 1),
(17792, 'Gene Hale', 'admin1@gmail.com', '1324571945', 1, 'admin792', '1', 1),
(17793, 'Rob Haberlin', 'admin1@gmail.com', '1324571949', 1, 'admin793', '1', 1),
(17794, 'Gene Hale', 'admin1@gmail.com', '1324571953', 1, 'admin794', '1', 1),
(17795, 'Gene Hale', 'admin1@gmail.com', '1324571957', 1, 'admin795', '1', 1),
(17796, 'Michelle Arnett', 'admin1@gmail.com', '1324571961', 1, 'admin796', '1', 1),
(17797, 'Sally Knutson', 'admin1@gmail.com', '1324571965', 1, 'admin797', '1', 1),
(17798, 'Rob Haberlin', 'admin1@gmail.com', '1324571969', 1, 'admin798', '1', 1),
(17799, 'Justin Knight', 'admin1@gmail.com', '1324571973', 1, 'admin799', '1', 1),
(17800, 'Justin Knight', 'admin1@gmail.com', '1324571977', 1, 'admin800', '1', 1),
(17801, 'Justin Knight', 'admin1@gmail.com', '1324571981', 1, 'admin801', '1', 1),
(17802, 'Lena Cacioppo', 'admin1@gmail.com', '1324571985', 1, 'admin802', '1', 1),
(17803, 'Seth Vernon', 'admin1@gmail.com', '1324571989', 1, 'admin803', '1', 1),
(17804, 'Seth Vernon', 'admin1@gmail.com', '1324571993', 1, 'admin804', '1', 1),
(17805, 'Seth Vernon', 'admin1@gmail.com', '1324571997', 1, 'admin805', '1', 1),
(17806, 'Gene Hale', 'admin1@gmail.com', '1324572001', 1, 'admin806', '1', 1),
(17807, 'Luke Weiss', 'admin1@gmail.com', '1324572005', 1, 'admin807', '1', 1),
(17808, 'Justin Knight', 'admin1@gmail.com', '1324572009', 1, 'admin808', '1', 1),
(17809, 'Rob Haberlin', 'admin1@gmail.com', '1324572013', 1, 'admin809', '1', 1),
(17810, 'Julie Creighton', 'admin1@gmail.com', '1324572017', 1, 'admin810', '1', 1),
(17811, 'Sanjit Chand', 'admin1@gmail.com', '1324572021', 1, 'admin811', '1', 1),
(17812, 'Justin Knight', 'admin1@gmail.com', '1324572025', 1, 'admin812', '1', 1),
(17813, 'Justin Knight', 'admin1@gmail.com', '1324572029', 1, 'admin813', '1', 1),
(17814, 'Justin Knight', 'admin1@gmail.com', '1324572033', 1, 'admin814', '1', 1),
(17815, 'Justin Knight', 'admin1@gmail.com', '1324572037', 1, 'admin815', '1', 1),
(17816, 'Justin Knight', 'admin1@gmail.com', '1324572041', 1, 'admin816', '1', 1),
(17817, 'Justin Knight', 'admin1@gmail.com', '1324572045', 1, 'admin817', '1', 1),
(17818, 'Luke Weiss', 'admin1@gmail.com', '1324572049', 1, 'admin818', '1', 1),
(17819, 'Luke Weiss', 'admin1@gmail.com', '1324572053', 1, 'admin819', '1', 1),
(17820, 'Christina Vanderzanden', 'admin1@gmail.com', '1324572057', 1, 'admin820', '1', 1),
(17821, 'Christina Vanderzanden', 'admin1@gmail.com', '1324572061', 1, 'admin821', '1', 1),
(17822, 'Lena Cacioppo', 'admin1@gmail.com', '1324572065', 1, 'admin822', '1', 1),
(17823, 'Seth Vernon', 'admin1@gmail.com', '1324572069', 1, 'admin823', '1', 1),
(17824, 'Sanjit Chand', 'admin1@gmail.com', '1324572073', 1, 'admin824', '1', 1),
(17825, 'Sanjit Chand', 'admin1@gmail.com', '1324572077', 1, 'admin825', '1', 1),
(17826, 'Julie Creighton', 'admin1@gmail.com', '1324572081', 1, 'admin826', '1', 1),
(17827, 'Sanjit Chand', 'admin1@gmail.com', '1324572085', 1, 'admin827', '1', 1),
(17828, 'Sanjit Chand', 'admin1@gmail.com', '1324572089', 1, 'admin828', '1', 1),
(17829, 'Sanjit Chand', 'admin1@gmail.com', '1324572093', 1, 'admin829', '1', 1),
(17830, 'Anthony Johnson', 'admin1@gmail.com', '1324572097', 1, 'admin830', '1', 1),
(17831, 'Anthony Johnson', 'admin1@gmail.com', '1324572101', 1, 'admin831', '1', 1),
(17832, 'Kimberly Carter', 'admin1@gmail.com', '1324572105', 1, 'admin832', '1', 1),
(17833, 'Kimberly Carter', 'admin1@gmail.com', '1324572109', 1, 'admin833', '1', 1),
(17834, 'Marina Lichtenstein', 'admin1@gmail.com', '1324572113', 1, 'admin834', '1', 1),
(17835, 'Sanjit Chand', 'admin1@gmail.com', '1324572117', 1, 'admin835', '1', 1),
(17836, 'Sally Knutson', 'admin1@gmail.com', '1324572121', 1, 'admin836', '1', 1),
(17837, 'Sally Knutson', 'admin1@gmail.com', '1324572125', 1, 'admin837', '1', 1),
(17838, 'Luke Weiss', 'admin1@gmail.com', '1324572129', 1, 'admin838', '1', 1),
(17839, 'Anthony Johnson', 'admin1@gmail.com', '1324572133', 1, 'admin839', '1', 1),
(17840, 'Michelle Arnett', 'admin1@gmail.com', '1324572137', 1, 'admin840', '1', 1),
(17841, 'Luke Weiss', 'admin1@gmail.com', '1324572141', 1, 'admin841', '1', 1),
(17842, 'Luke Weiss', 'admin1@gmail.com', '1324572145', 1, 'admin842', '1', 1),
(17843, 'Luke Weiss', 'admin1@gmail.com', '1324572149', 1, 'admin843', '1', 1),
(17844, 'Luke Weiss', 'admin1@gmail.com', '1324572153', 1, 'admin844', '1', 1),
(17845, 'Rob Haberlin', 'admin1@gmail.com', '1324572157', 1, 'admin845', '1', 1),
(17846, 'Julie Creighton', 'admin1@gmail.com', '1324572161', 1, 'admin846', '1', 1),
(17847, 'Julie Creighton', 'admin1@gmail.com', '1324572165', 1, 'admin847', '1', 1),
(17848, 'Justin Knight', 'admin1@gmail.com', '1324572169', 1, 'admin848', '1', 1),
(17849, 'Sally Knutson', 'admin1@gmail.com', '1324572173', 1, 'admin849', '1', 1),
(17850, 'Sally Knutson', 'admin1@gmail.com', '1324572177', 1, 'admin850', '1', 1),
(17851, 'Sally Knutson', 'admin1@gmail.com', '1324572181', 1, 'admin851', '1', 1),
(17852, 'Michelle Arnett', 'admin1@gmail.com', '1324572185', 1, 'admin852', '1', 1),
(17853, 'Michelle Arnett', 'admin1@gmail.com', '1324572189', 1, 'admin853', '1', 1),
(17854, 'Julie Creighton', 'admin1@gmail.com', '1324572193', 1, 'admin854', '1', 1),
(17855, 'Sally Knutson', 'admin1@gmail.com', '1324572197', 1, 'admin855', '1', 1),
(17856, 'Sally Knutson', 'admin1@gmail.com', '1324572201', 1, 'admin856', '1', 1);
INSERT INTO `users` (`id`, `name`, `email`, `phone`, `roll`, `login_id`, `password`, `active`) VALUES
(17857, 'Sally Knutson', 'admin1@gmail.com', '1324572205', 1, 'admin857', '1', 1),
(17858, 'Sally Knutson', 'admin1@gmail.com', '1324572209', 1, 'admin858', '1', 1),
(17859, 'Kimberly Carter', 'admin1@gmail.com', '1324572213', 1, 'admin859', '1', 1),
(17860, 'Rob Haberlin', 'admin1@gmail.com', '1324572217', 1, 'admin860', '1', 1),
(17861, 'Rob Haberlin', 'admin1@gmail.com', '1324572221', 1, 'admin861', '1', 1),
(17862, 'Sally Knutson', 'admin1@gmail.com', '1324572225', 1, 'admin862', '1', 1),
(17863, 'Sally Knutson', 'admin1@gmail.com', '1324572229', 1, 'admin863', '1', 1),
(17864, 'Marina Lichtenstein', 'admin1@gmail.com', '1324572233', 1, 'admin864', '1', 1),
(17865, 'Christina DeMoss', 'admin1@gmail.com', '1324572237', 1, 'admin865', '1', 1),
(17866, 'Christina DeMoss', 'admin1@gmail.com', '1324572241', 1, 'admin866', '1', 1),
(17867, 'Luke Weiss', 'admin1@gmail.com', '1324572245', 1, 'admin867', '1', 1),
(17868, 'Sally Knutson', 'admin1@gmail.com', '1324572249', 1, 'admin868', '1', 1),
(17869, 'Michelle Arnett', 'admin1@gmail.com', '1324572253', 1, 'admin869', '1', 1),
(17870, 'Michelle Arnett', 'admin1@gmail.com', '1324572257', 1, 'admin870', '1', 1),
(17871, 'Sanjit Chand', 'admin1@gmail.com', '1324572261', 1, 'admin871', '1', 1),
(17872, 'Anthony Johnson', 'admin1@gmail.com', '1324572265', 1, 'admin872', '1', 1),
(17873, 'Anthony Johnson', 'admin1@gmail.com', '1324572269', 1, 'admin873', '1', 1),
(17874, 'Anthony Johnson', 'admin1@gmail.com', '1324572273', 1, 'admin874', '1', 1),
(17875, 'Luke Weiss', 'admin1@gmail.com', '1324572277', 1, 'admin875', '1', 1),
(17876, 'Luke Weiss', 'admin1@gmail.com', '1324572281', 1, 'admin876', '1', 1),
(17877, 'Rob Haberlin', 'admin1@gmail.com', '1324572285', 1, 'admin877', '1', 1),
(17878, 'Monica Federle', 'admin1@gmail.com', '1324572289', 1, 'admin878', '1', 1),
(17879, 'Monica Federle', 'admin1@gmail.com', '1324572293', 1, 'admin879', '1', 1),
(17880, 'Kimberly Carter', 'admin1@gmail.com', '1324572297', 1, 'admin880', '1', 1),
(17881, 'Michelle Arnett', 'admin1@gmail.com', '1324572301', 1, 'admin881', '1', 1),
(17882, 'Michelle Arnett', 'admin1@gmail.com', '1324572305', 1, 'admin882', '1', 1),
(17883, 'Sanjit Chand', 'admin1@gmail.com', '1324572309', 1, 'admin883', '1', 1),
(17884, 'Sanjit Chand', 'admin1@gmail.com', '1324572313', 1, 'admin884', '1', 1),
(17885, 'Marina Lichtenstein', 'admin1@gmail.com', '1324572317', 1, 'admin885', '1', 1),
(17886, 'Joy Smith', 'admin1@gmail.com', '1324572321', 1, 'admin886', '1', 1),
(17887, 'Christina DeMoss', 'admin1@gmail.com', '1324572325', 1, 'admin887', '1', 1),
(17888, 'Monica Federle', 'admin1@gmail.com', '1324572329', 1, 'admin888', '1', 1),
(17889, 'Monica Federle', 'admin1@gmail.com', '1324572333', 1, 'admin889', '1', 1),
(17890, 'Michelle Arnett', 'admin1@gmail.com', '1324572337', 1, 'admin890', '1', 1),
(17891, 'Michelle Arnett', 'admin1@gmail.com', '1324572341', 1, 'admin891', '1', 1),
(17892, 'Michelle Arnett', 'admin1@gmail.com', '1324572345', 1, 'admin892', '1', 1),
(17893, 'Michelle Arnett', 'admin1@gmail.com', '1324572349', 1, 'admin893', '1', 1),
(17894, 'Michelle Arnett', 'admin1@gmail.com', '1324572353', 1, 'admin894', '1', 1),
(17895, 'Michelle Arnett', 'admin1@gmail.com', '1324572357', 1, 'admin895', '1', 1),
(17896, 'Sally Knutson', 'admin1@gmail.com', '1324572361', 1, 'admin896', '1', 1),
(17897, 'Sally Knutson', 'admin1@gmail.com', '1324572365', 1, 'admin897', '1', 1),
(17898, 'Christina DeMoss', 'admin1@gmail.com', '1324572369', 1, 'admin898', '1', 1),
(17899, 'Joy Smith', 'admin1@gmail.com', '1324572373', 1, 'admin899', '1', 1),
(17900, 'Joy Smith', 'admin1@gmail.com', '1324572377', 1, 'admin900', '1', 1),
(17901, 'Sonia Sunley', 'admin1@gmail.com', '1324572381', 1, 'admin901', '1', 1),
(17902, 'Anthony O\'Donnell', 'admin1@gmail.com', '1324572385', 1, 'admin902', '1', 1),
(17903, 'Anthony O\'Donnell', 'admin1@gmail.com', '1324572389', 1, 'admin903', '1', 1),
(17904, 'Emily Grady', 'admin1@gmail.com', '1324572393', 1, 'admin904', '1', 1),
(17905, 'Emily Grady', 'admin1@gmail.com', '1324572397', 1, 'admin905', '1', 1),
(17906, 'Alex Avila', 'admin1@gmail.com', '1324572401', 1, 'admin906', '1', 1),
(17907, 'Alex Avila', 'admin1@gmail.com', '1324572405', 1, 'admin907', '1', 1),
(17908, 'Alex Avila', 'admin1@gmail.com', '1324572409', 1, 'admin908', '1', 1),
(17909, 'Brian Moss', 'admin1@gmail.com', '1324572413', 1, 'admin909', '1', 1),
(17910, 'Emily Grady', 'admin1@gmail.com', '1324572417', 1, 'admin910', '1', 1),
(17911, 'Emily Grady', 'admin1@gmail.com', '1324572421', 1, 'admin911', '1', 1),
(17912, 'Anna Andreadi', 'admin1@gmail.com', '1324572425', 1, 'admin912', '1', 1),
(17913, 'Anna Andreadi', 'admin1@gmail.com', '1324572429', 1, 'admin913', '1', 1),
(17914, 'Emily Grady', 'admin1@gmail.com', '1324572433', 1, 'admin914', '1', 1),
(17915, 'Barbara Fisher', 'admin1@gmail.com', '1324572437', 1, 'admin915', '1', 1),
(17916, 'Barbara Fisher', 'admin1@gmail.com', '1324572441', 1, 'admin916', '1', 1),
(17917, 'Emily Grady', 'admin1@gmail.com', '1324572445', 1, 'admin917', '1', 1),
(17918, 'Kelly Williams', 'admin1@gmail.com', '1324572449', 1, 'admin918', '1', 1),
(17919, 'Sonia Sunley', 'admin1@gmail.com', '1324572453', 1, 'admin919', '1', 1),
(17920, 'Sonia Sunley', 'admin1@gmail.com', '1324572457', 1, 'admin920', '1', 1),
(17921, 'Sonia Sunley', 'admin1@gmail.com', '1324572461', 1, 'admin921', '1', 1),
(17922, 'Sonia Sunley', 'admin1@gmail.com', '1324572465', 1, 'admin922', '1', 1),
(17923, 'Sonia Sunley', 'admin1@gmail.com', '1324572469', 1, 'admin923', '1', 1),
(17924, 'Sonia Sunley', 'admin1@gmail.com', '1324572473', 1, 'admin924', '1', 1),
(17925, 'Jocasta Rupert', 'admin1@gmail.com', '1324572477', 1, 'admin925', '1', 1),
(17926, 'Sonia Sunley', 'admin1@gmail.com', '1324572481', 1, 'admin926', '1', 1),
(17927, 'Kelly Williams', 'admin1@gmail.com', '1324572485', 1, 'admin927', '1', 1),
(17928, 'Anna Andreadi', 'admin1@gmail.com', '1324572489', 1, 'admin928', '1', 1),
(17929, 'Rick Duston', 'admin1@gmail.com', '1324572493', 1, 'admin929', '1', 1),
(17930, 'Sonia Sunley', 'admin1@gmail.com', '1324572497', 1, 'admin930', '1', 1),
(17931, 'Angele Hood', 'admin1@gmail.com', '1324572501', 1, 'admin931', '1', 1),
(17932, 'Sonia Sunley', 'admin1@gmail.com', '1324572505', 1, 'admin932', '1', 1),
(17933, 'Sonia Sunley', 'admin1@gmail.com', '1324572509', 1, 'admin933', '1', 1),
(17934, 'Sonia Sunley', 'admin1@gmail.com', '1324572513', 1, 'admin934', '1', 1),
(17935, 'Sonia Sunley', 'admin1@gmail.com', '1324572517', 1, 'admin935', '1', 1),
(17936, 'Sonia Sunley', 'admin1@gmail.com', '1324572521', 1, 'admin936', '1', 1),
(17937, 'Dennis Bolton', 'admin1@gmail.com', '1324572525', 1, 'admin937', '1', 1),
(17938, 'Stewart Carmichael', 'admin1@gmail.com', '1324572529', 1, 'admin938', '1', 1),
(17939, 'Dennis Bolton', 'admin1@gmail.com', '1324572533', 1, 'admin939', '1', 1),
(17940, 'Sonia Sunley', 'admin1@gmail.com', '1324572537', 1, 'admin940', '1', 1),
(17941, 'Sonia Sunley', 'admin1@gmail.com', '1324572541', 1, 'admin941', '1', 1),
(17942, 'Stewart Carmichael', 'admin1@gmail.com', '1324572545', 1, 'admin942', '1', 1),
(17943, 'Kelly Williams', 'admin1@gmail.com', '1324572549', 1, 'admin943', '1', 1),
(17944, 'Sonia Sunley', 'admin1@gmail.com', '1324572553', 1, 'admin944', '1', 1),
(17945, 'Kelly Williams', 'admin1@gmail.com', '1324572557', 1, 'admin945', '1', 1),
(17946, 'Sonia Sunley', 'admin1@gmail.com', '1324572561', 1, 'admin946', '1', 1),
(17947, 'Sonia Sunley', 'admin1@gmail.com', '1324572565', 1, 'admin947', '1', 1),
(17948, 'Sonia Sunley', 'admin1@gmail.com', '1324572569', 1, 'admin948', '1', 1),
(17949, 'Sonia Sunley', 'admin1@gmail.com', '1324572573', 1, 'admin949', '1', 1),
(17950, 'Sonia Sunley', 'admin1@gmail.com', '1324572577', 1, 'admin950', '1', 1),
(17951, 'Anna Andreadi', 'admin1@gmail.com', '1324572581', 1, 'admin951', '1', 1),
(17952, 'Seth Vernon', 'admin1@gmail.com', '1324572585', 1, 'admin952', '1', 1),
(17953, 'Seth Vernon', 'admin1@gmail.com', '1324572589', 1, 'admin953', '1', 1),
(17954, 'Seth Vernon', 'admin1@gmail.com', '1324572593', 1, 'admin954', '1', 1),
(17955, 'Alex Avila', 'admin1@gmail.com', '1324572597', 1, 'admin955', '1', 1),
(17956, 'Sarah Foster', 'admin1@gmail.com', '1324572601', 1, 'admin956', '1', 1),
(17957, 'Alex Avila', 'admin1@gmail.com', '1324572605', 1, 'admin957', '1', 1),
(17958, 'Alex Avila', 'admin1@gmail.com', '1324572609', 1, 'admin958', '1', 1),
(17959, 'Anna Andreadi', 'admin1@gmail.com', '1324572613', 1, 'admin959', '1', 1),
(17960, 'Angele Hood', 'admin1@gmail.com', '1324572617', 1, 'admin960', '1', 1),
(17961, 'Sonia Sunley', 'admin1@gmail.com', '1324572621', 1, 'admin961', '1', 1),
(17962, 'Kelly Williams', 'admin1@gmail.com', '1324572625', 1, 'admin962', '1', 1),
(17963, 'Anna Andreadi', 'admin1@gmail.com', '1324572629', 1, 'admin963', '1', 1),
(17964, 'Alex Avila', 'admin1@gmail.com', '1324572633', 1, 'admin964', '1', 1),
(17965, 'Jim Karlsson', 'admin1@gmail.com', '1324572637', 1, 'admin965', '1', 1),
(17966, 'Sonia Sunley', 'admin1@gmail.com', '1324572641', 1, 'admin966', '1', 1),
(17967, 'Alex Avila', 'admin1@gmail.com', '1324572645', 1, 'admin967', '1', 1),
(17968, 'Lisa DeCherney', 'admin1@gmail.com', '1324572649', 1, 'admin968', '1', 1),
(17969, 'Barbara Fisher', 'admin1@gmail.com', '1324572653', 1, 'admin969', '1', 1),
(17970, 'Barbara Fisher', 'admin1@gmail.com', '1324572657', 1, 'admin970', '1', 1),
(17971, 'Barbara Fisher', 'admin1@gmail.com', '1324572661', 1, 'admin971', '1', 1),
(17972, 'Lisa DeCherney', 'admin1@gmail.com', '1324572665', 1, 'admin972', '1', 1),
(17973, 'Lisa DeCherney', 'admin1@gmail.com', '1324572669', 1, 'admin973', '1', 1),
(17974, 'Lisa DeCherney', 'admin1@gmail.com', '1324572673', 1, 'admin974', '1', 1),
(17975, 'Lisa DeCherney', 'admin1@gmail.com', '1324572677', 1, 'admin975', '1', 1),
(17976, 'Barbara Fisher', 'admin1@gmail.com', '1324572681', 1, 'admin976', '1', 1),
(17977, 'Barbara Fisher', 'admin1@gmail.com', '1324572685', 1, 'admin977', '1', 1),
(17978, 'Barbara Fisher', 'admin1@gmail.com', '1324572689', 1, 'admin978', '1', 1),
(17979, 'Alex Avila', 'admin1@gmail.com', '1324572693', 1, 'admin979', '1', 1),
(17980, 'Roy Skaria', 'admin1@gmail.com', '1324572697', 1, 'admin980', '1', 1),
(17981, 'Angele Hood', 'admin1@gmail.com', '1324572701', 1, 'admin981', '1', 1),
(17982, 'Seth Vernon', 'admin1@gmail.com', '1324572705', 1, 'admin982', '1', 1),
(17983, 'Seth Vernon', 'admin1@gmail.com', '1324572709', 1, 'admin983', '1', 1),
(17984, 'Sarah Foster', 'admin1@gmail.com', '1324572713', 1, 'admin984', '1', 1),
(17985, 'Kelly Williams', 'admin1@gmail.com', '1324572717', 1, 'admin985', '1', 1),
(17986, 'Dennis Bolton', 'admin1@gmail.com', '1324572721', 1, 'admin986', '1', 1),
(17987, 'Dennis Bolton', 'admin1@gmail.com', '1324572725', 1, 'admin987', '1', 1),
(17988, 'Roy Skaria', 'admin1@gmail.com', '1324572729', 1, 'admin988', '1', 1),
(17989, 'Jim Karlsson', 'admin1@gmail.com', '1324572733', 1, 'admin989', '1', 1),
(17990, 'Jim Karlsson', 'admin1@gmail.com', '1324572737', 1, 'admin990', '1', 1),
(17991, 'Barbara Fisher', 'admin1@gmail.com', '1324572741', 1, 'admin991', '1', 1),
(17992, 'Anna Andreadi', 'admin1@gmail.com', '1324572745', 1, 'admin992', '1', 1),
(17993, 'Seth Vernon', 'admin1@gmail.com', '1324572749', 1, 'admin993', '1', 1),
(17994, 'Alex Avila', 'admin1@gmail.com', '1324572753', 1, 'admin994', '1', 1),
(17995, 'Alex Avila', 'admin1@gmail.com', '1324572757', 1, 'admin995', '1', 1),
(17996, 'Alex Avila', 'admin1@gmail.com', '1324572761', 1, 'admin996', '1', 1),
(17997, 'Sonia Sunley', 'admin1@gmail.com', '1324572765', 1, 'admin997', '1', 1),
(17998, 'Lisa DeCherney', 'admin1@gmail.com', '1324572769', 1, 'admin998', '1', 1),
(17999, 'Dennis Bolton', 'admin1@gmail.com', '1324572773', 1, 'admin999', '1', 1),
(18000, 'Anthony O\'Donnell', 'admin1@gmail.com', '1324572777', 1, 'admin1000', '1', 1),
(18001, 'Barbara Fisher', 'admin1@gmail.com', '1324572781', 1, 'admin1001', '1', 1),
(18002, 'Barbara Fisher', 'admin1@gmail.com', '1324572785', 1, 'admin1002', '1', 1),
(18003, 'Barbara Fisher', 'admin1@gmail.com', '1324572789', 1, 'admin1003', '1', 1);

--
-- Chỉ mục cho các bảng đã đổ
--

--
-- Chỉ mục cho bảng `buildings`
--
ALTER TABLE `buildings`
  ADD PRIMARY KEY (`id`);

--
-- Chỉ mục cho bảng `room`
--
ALTER TABLE `room`
  ADD PRIMARY KEY (`id`);

--
-- Chỉ mục cho bảng `usage_details`
--
ALTER TABLE `usage_details`
  ADD PRIMARY KEY (`id`);

--
-- Chỉ mục cho bảng `users`
--
ALTER TABLE `users`
  ADD PRIMARY KEY (`id`);

--
-- AUTO_INCREMENT cho các bảng đã đổ
--

--
-- AUTO_INCREMENT cho bảng `buildings`
--
ALTER TABLE `buildings`
  MODIFY `id` int(11) NOT NULL AUTO_INCREMENT, AUTO_INCREMENT=152;

--
-- AUTO_INCREMENT cho bảng `room`
--
ALTER TABLE `room`
  MODIFY `id` int(11) NOT NULL AUTO_INCREMENT, AUTO_INCREMENT=18;

--
-- AUTO_INCREMENT cho bảng `usage_details`
--
ALTER TABLE `usage_details`
  MODIFY `id` int(11) NOT NULL AUTO_INCREMENT, AUTO_INCREMENT=80;

--
-- AUTO_INCREMENT cho bảng `users`
--
ALTER TABLE `users`
  MODIFY `id` int(11) NOT NULL AUTO_INCREMENT, AUTO_INCREMENT=18004;
COMMIT;

/*!40101 SET CHARACTER_SET_CLIENT=@OLD_CHARACTER_SET_CLIENT */;
/*!40101 SET CHARACTER_SET_RESULTS=@OLD_CHARACTER_SET_RESULTS */;
/*!40101 SET COLLATION_CONNECTION=@OLD_COLLATION_CONNECTION */;
